interaction_id,user_id,book_id,interaction_type,timestamp
1,1,B012,rating,2025-11-19T06:00:00
2,1,B009,rating,2026-04-15T04:00:00
3,1,B006,rating,2025-09-27T23:00:00
4,1,B008,rating,2026-02-13T11:00:00
5,1,B007,rating,2025-04-04T01:00:00
6,1,B019,rating,2026-03-09T19:00:00
7,1,B013,rating,2026-04-25T16:00:00
8,1,B006,rating,2025-04-28T21:00:00
9,1,B008,rating,2025-12-15T03:00:00
10,1,B015,rating,2025-09-27T16:00:00
11,1,B002,rating,2025-04-19T20:00:00
12,1,B016,rating,2025-01-01T19:00:00
13,1,B016,rating,2025-11-11T07:00:00
14,1,B008,rating,2025-03-12T17:00:00
15,1,B002,rating,2025-06-19T08:00:00
16,1,B018,rating,2025-07-25T22:00:00
17,1,B010,rating,2026-06-14T14:00:00
18,2,B010,rating,2026-02-21T06:00:00
19,2,B011,rating,2026-02-25T14:00:00
20,2,B001,rating,2025-03-04T12:00:00
21,2,B015,rating,2025-04-22T07:00:00
22,2,B002,rating,2025-10-13T14:00:00
23,2,B003,rating,2025-04-11T01:00:00
24,2,B002,rating,2025-01-16T02:00:00
25,2,B007,rating,2025-06-20T13:00:00
26,2,B010,rating,2025-03-02T05:00:00
27,2,B007,rating,2026-04-11T09:00:00
28,2,B010,rating,2025-08-11T01:00:00
29,2,B010,rating,2025-11-18T01:00:00
30,2,B015,rating,2025-06-11T01:00:00
31,2,B017,rating,2025-03-12T19:00:00
32,2,B011,rating,2025-09-10T18:00:00
33,2,B007,rating,2026-03-06T21:00:00
34,2,B010,rating,2025-09-25T06:00:00
35,3,B011,rating,2025-12-24T02:00:00
36,3,B017,rating,2025-06-11T14:00:00
37,3,B007,rating,2025-01-09T21:00:00
38,3,B008,rating,2025-04-17T04:00:00
39,3,B018,rating,2025-06-09T08:00:00
40,3,B002,rating,2025-07-28T21:00:00
41,3,B013,rating,2026-05-16T08:00:00
42,3,B020,rating,2025-04-05T20:00:00
43,3,B020,rating,2025-05-14T20:00:00
44,3,B002,rating,2026-03-14T17:00:00
45,3,B004,rating,2025-06-02T17:00:00
46,3,B006,rating,2025-06-01T13:00:00
47,4,B018,rating,2025-06-08T07:00:00
48,4,B006,rating,2025-07-01T13:00:00
49,4,B006,rating,2026-02-26T21:00:00
50,4,B003,rating,2025-10-01T05:00:00
51,4,B015,rating,2026-04-27T07:00:00
52,4,B018,rating,2025-08-22T07:00:00
53,4,B009,rating,2025-10-13T02:00:00
54,4,B011,rating,2026-06-06T12:00:00
55,5,B019,rating,2025-07-14T08:00:00
56,5,B001,rating,2025-07-21T11:00:00
57,5,B020,rating,2025-05-08T23:00:00
58,5,B002,rating,2026-02-23T10:00:00
59,5,B019,rating,2025-07-16T13:00:00
60,5,B005,rating,2025-06-28T19:00:00
61,5,B001,rating,2025-01-01T09:00:00
62,5,B006,rating,2025-11-26T14:00:00
63,5,B016,rating,2025-06-23T21:00:00
64,5,B006,rating,2025-11-14T07:00:00
65,5,B012,rating,2025-09-08T15:00:00
66,5,B009,rating,2026-04-12T13:00:00
67,5,B006,rating,2026-01-29T15:00:00
68,6,B018,rating,2025-09-13T03:00:00
69,6,B017,rating,2025-11-21T14:00:00
70,6,B018,rating,2026-06-01T13:00:00
71,6,B015,rating,2025-06-12T23:00:00
72,6,B003,rating,2025-09-11T20:00:00
73,6,B016,rating,2025-10-09T14:00:00
74,6,B013,rating,2025-11-24T17:00:00
75,6,B008,rating,2025-08-08T02:00:00
76,7,B002,rating,2025-08-14T15:00:00
77,7,B015,rating,2026-02-03T10:00:00
78,7,B009,rating,2025-06-19T14:00:00
79,7,B015,rating,2025-01-28T12:00:00
80,7,B019,rating,2025-03-27T20:00:00
81,7,B001,rating,2026-01-24T10:00:00
82,7,B017,rating,2026-01-24T08:00:00
83,7,B011,rating,2025-09-16T02:00:00
84,7,B010,rating,2025-12-25T07:00:00
85,7,B019,rating,2025-02-11T00:00:00
86,7,B007,rating,2025-06-06T07:00:00
87,7,B009,rating,2025-08-12T14:00:00
88,7,B017,rating,2025-06-21T19:00:00
89,7,B015,rating,2025-04-28T05:00:00
90,8,B014,rating,2025-02-12T11:00:00
91,8,B018,rating,2025-01-13T13:00:00
92,8,B010,rating,2026-04-16T22:00:00
93,8,B019,rating,2025-10-04T19:00:00
94,8,B005,rating,2026-05-11T14:00:00
95,8,B015,rating,2025-09-09T02:00:00
96,8,B017,rating,2026-01-24T10:00:00
97,8,B006,rating,2025-12-30T08:00:00
98,8,B017,rating,2026-06-14T06:00:00
99,8,B008,rating,2025-09-04T22:00:00
100,8,B017,rating,2025-01-18T02:00:00
101,8,B017,rating,2025-11-10T21:00:00
102,9,B006,rating,2026-06-22T19:00:00
103,9,B020,rating,2025-10-31T07:00:00
104,9,B012,rating,2025-05-10T08:00:00
105,9,B006,rating,2025-05-10T20:00:00
106,9,B009,rating,2025-01-13T18:00:00
107,9,B005,rating,2025-07-08T01:00:00
108,9,B004,rating,2026-02-15T15:00:00
109,9,B013,rating,2025-11-08T02:00:00
110,9,B005,rating,2025-08-20T16:00:00
111,9,B013,rating,2026-03-16T09:00:00
112,9,B019,rating,2025-08-01T20:00:00
113,9,B013,rating,2025-03-18T05:00:00
114,9,B004,rating,2026-04-27T09:00:00
115,9,B013,rating,2026-04-10T02:00:00
116,9,B004,rating,2025-07-22T13:00:00
117,9,B013,rating,2025-09-30T04:00:00
118,10,B014,rating,2025-01-22T21:00:00
119,10,B011,rating,2025-06-29T15:00:00
120,10,B007,rating,2025-07-05T18:00:00
121,10,B003,rating,2026-04-27T11:00:00
122,10,B013,rating,2025-06-14T10:00:00
123,10,B013,rating,2026-02-15T17:00:00
124,10,B019,rating,2025-11-28T03:00:00
125,10,B011,rating,2026-06-11T00:00:00
126,10,B011,rating,2026-02-28T01:00:00
127,10,B002,rating,2026-05-26T20:00:00
128,10,B001,rating,2025-05-15T09:00:00
129,10,B011,rating,2025-09-03T22:00:00
130,10,B008,rating,2025-04-06T07:00:00
131,10,B007,rating,2026-04-18T03:00:00
132,10,B003,rating,2026-06-06T22:00:00
133,10,B020,rating,2025-09-07T14:00:00
134,10,B017,rating,2026-06-05T23:00:00
135,11,B018,rating,2026-05-11T11:00:00
136,11,B019,rating,2025-11-26T06:00:00
137,11,B009,rating,2025-08-28T13:00:00
138,11,B018,rating,2026-01-26T12:00:00
139,11,B006,rating,2025-06-05T15:00:00
140,11,B001,rating,2025-12-06T03:00:00
141,11,B018,rating,2026-06-23T14:00:00
142,11,B019,rating,2025-06-08T02:00:00
143,11,B014,rating,2026-02-12T20:00:00
144,11,B016,rating,2026-01-25T10:00:00
145,11,B020,rating,2026-05-15T17:00:00
146,11,B013,rating,2025-08-21T23:00:00
147,12,B007,rating,2025-07-04T05:00:00
148,12,B013,rating,2025-09-04T15:00:00
149,12,B018,rating,2025-09-18T14:00:00
150,12,B002,rating,2026-04-22T09:00:00
151,12,B016,rating,2025-12-20T18:00:00
152,12,B005,rating,2026-04-13T09:00:00
153,12,B005,rating,2025-04-20T07:00:00
154,12,B004,rating,2025-10-30T00:00:00
155,12,B009,rating,2025-10-09T00:00:00
156,13,B018,rating,2025-07-14T19:00:00
157,13,B014,rating,2025-02-10T09:00:00
158,13,B016,rating,2025-05-15T02:00:00
159,13,B018,rating,2026-03-02T05:00:00
160,13,B015,rating,2025-10-07T05:00:00
161,13,B006,rating,2025-10-30T23:00:00
162,13,B016,rating,2026-04-25T02:00:00
163,13,B006,rating,2026-02-11T17:00:00
164,14,B011,rating,2025-12-02T19:00:00
165,14,B017,rating,2026-04-21T22:00:00
166,14,B017,rating,2025-02-08T09:00:00
167,14,B015,rating,2025-05-19T12:00:00
168,14,B019,rating,2025-06-08T13:00:00
169,14,B019,rating,2026-02-22T08:00:00
170,14,B003,rating,2025-08-30T11:00:00
171,14,B006,rating,2026-01-03T01:00:00
172,14,B001,rating,2026-04-11T02:00:00
173,15,B020,rating,2025-09-14T05:00:00
174,15,B001,rating,2025-09-01T18:00:00
175,15,B006,rating,2025-05-10T23:00:00
176,15,B020,rating,2026-05-03T14:00:00
177,15,B016,rating,2025-04-22T14:00:00
178,15,B003,rating,2026-06-18T09:00:00
179,15,B016,rating,2026-02-16T13:00:00
180,15,B010,rating,2026-03-31T02:00:00
181,15,B011,rating,2025-06-01T02:00:00
182,15,B016,rating,2025-10-29T14:00:00
183,15,B004,rating,2025-08-09T13:00:00
184,15,B016,rating,2026-04-10T12:00:00
185,15,B016,rating,2025-11-17T21:00:00
186,15,B012,rating,2026-05-01T02:00:00
187,15,B005,rating,2026-01-17T04:00:00
188,15,B020,rating,2025-12-04T21:00:00
189,15,B020,rating,2026-03-10T23:00:00
190,16,B003,rating,2025-01-27T19:00:00
191,16,B011,rating,2025-10-01T00:00:00
192,16,B004,rating,2025-12-26T00:00:00
193,16,B010,rating,2026-02-15T02:00:00
194,16,B016,rating,2025-08-09T12:00:00
195,16,B006,rating,2025-11-29T18:00:00
196,16,B012,rating,2025-06-09T05:00:00
197,16,B004,rating,2025-10-06T14:00:00
198,16,B004,rating,2026-03-29T13:00:00
199,16,B004,rating,2025-04-24T09:00:00
200,16,B009,rating,2026-06-24T21:00:00
201,16,B012,rating,2025-02-26T00:00:00
202,16,B014,rating,2025-09-19T09:00:00
203,17,B003,rating,2026-03-04T09:00:00
204,17,B010,rating,2025-06-25T19:00:00
205,17,B018,rating,2025-09-07T13:00:00
206,17,B014,rating,2026-02-10T09:00:00
207,17,B019,rating,2025-03-20T16:00:00
208,17,B018,rating,2025-07-18T11:00:00
209,17,B002,rating,2025-09-20T06:00:00
210,17,B020,rating,2025-03-19T05:00:00
211,17,B002,rating,2026-04-21T18:00:00
212,17,B001,rating,2025-11-27T20:00:00
213,17,B020,rating,2025-11-07T08:00:00
214,17,B020,rating,2025-03-17T09:00:00
215,17,B014,rating,2025-03-20T20:00:00
216,17,B014,rating,2026-06-04T12:00:00
217,18,B013,rating,2025-10-17T12:00:00
218,18,B007,rating,2025-02-23T20:00:00
219,18,B010,rating,2026-01-31T09:00:00
220,18,B005,rating,2025-05-25T11:00:00
221,18,B002,rating,2025-11-14T17:00:00
222,18,B004,rating,2026-06-24T02:00:00
223,18,B017,rating,2026-01-06T00:00:00
224,18,B007,rating,2025-12-16T15:00:00
225,18,B015,rating,2025-04-14T16:00:00
226,18,B010,rating,2026-06-24T01:00:00
227,18,B006,rating,2025-05-15T19:00:00
228,18,B007,rating,2025-06-19T23:00:00
229,18,B010,rating,2025-09-01T14:00:00
230,18,B010,rating,2026-04-05T07:00:00
231,18,B010,rating,2026-04-26T06:00:00
232,18,B006,rating,2025-10-16T12:00:00
233,18,B008,rating,2025-07-24T19:00:00
234,19,B014,rating,2025-12-24T00:00:00
235,19,B002,rating,2025-08-30T12:00:00
236,19,B019,rating,2025-01-29T10:00:00
237,19,B019,rating,2025-12-10T04:00:00
238,19,B007,rating,2026-04-29T22:00:00
239,19,B018,rating,2026-04-26T14:00:00
240,19,B006,rating,2025-01-20T08:00:00
241,19,B020,rating,2026-06-25T13:00:00
242,19,B002,rating,2025-02-18T07:00:00
243,19,B012,rating,2025-01-17T20:00:00
244,19,B020,rating,2025-10-26T13:00:00
245,19,B004,rating,2025-07-11T21:00:00
246,19,B013,rating,2026-01-05T02:00:00
247,20,B010,rating,2025-06-29T21:00:00
248,20,B006,rating,2025-05-19T02:00:00
249,20,B008,rating,2025-02-07T09:00:00
250,20,B013,rating,2025-11-20T09:00:00
251,20,B020,rating,2025-07-15T09:00:00
252,20,B005,rating,2025-12-06T08:00:00
253,20,B001,rating,2026-02-14T23:00:00
254,20,B016,rating,2025-07-11T15:00:00
255,20,B006,rating,2026-06-16T08:00:00
256,20,B016,rating,2025-03-22T13:00:00
257,20,B013,rating,2025-10-28T10:00:00
258,20,B016,rating,2025-11-10T14:00:00
259,20,B016,rating,2026-03-31T11:00:00
260,20,B006,rating,2026-03-22T08:00:00
261,20,B001,rating,2025-02-28T02:00:00
262,20,B010,rating,2026-06-10T23:00:00
263,21,B017,rating,2026-04-06T11:00:00
264,21,B013,rating,2026-01-11T12:00:00
265,21,B008,rating,2025-01-27T23:00:00
266,21,B004,rating,2025-05-01T08:00:00
267,21,B006,rating,2025-08-08T19:00:00
268,21,B012,rating,2025-03-17T14:00:00
269,21,B008,rating,2025-11-24T21:00:00
270,21,B019,rating,2025-10-25T09:00:00
271,21,B001,rating,2025-06-28T11:00:00
272,21,B004,rating,2025-05-23T07:00:00
273,22,B008,rating,2025-07-06T04:00:00
274,22,B015,rating,2026-06-15T04:00:00
275,22,B010,rating,2025-08-19T11:00:00
276,22,B012,rating,2025-10-18T02:00:00
277,22,B003,rating,2025-04-06T16:00:00
278,22,B007,rating,2025-06-07T05:00:00
279,22,B020,rating,2025-12-12T18:00:00
280,22,B015,rating,2025-09-29T20:00:00
281,22,B010,rating,2025-02-01T15:00:00
282,22,B015,rating,2025-11-06T15:00:00
283,22,B015,rating,2025-03-16T22:00:00
284,22,B003,rating,2026-04-21T06:00:00
285,22,B020,rating,2025-11-23T23:00:00
286,22,B013,rating,2026-02-13T04:00:00
287,22,B010,rating,2025-04-19T10:00:00
288,22,B014,rating,2025-09-11T04:00:00
289,22,B008,rating,2026-03-05T07:00:00
290,23,B020,rating,2025-02-19T01:00:00
291,23,B018,rating,2025-01-09T03:00:00
292,23,B003,rating,2026-02-17T11:00:00
293,23,B002,rating,2025-07-19T11:00:00
294,23,B020,rating,2026-04-07T17:00:00
295,23,B013,rating,2026-02-08T11:00:00
296,23,B020,rating,2026-01-10T04:00:00
297,23,B014,rating,2025-02-16T01:00:00
298,23,B002,rating,2026-06-16T14:00:00
299,23,B011,rating,2025-11-23T05:00:00
300,23,B013,rating,2026-06-04T16:00:00
301,23,B005,rating,2025-01-18T11:00:00
302,23,B014,rating,2025-11-12T23:00:00
303,24,B009,rating,2025-11-18T13:00:00
304,24,B020,rating,2026-04-28T23:00:00
305,24,B015,rating,2026-06-16T06:00:00
306,24,B015,rating,2026-05-05T16:00:00
307,24,B010,rating,2025-12-17T17:00:00
308,24,B014,rating,2025-07-16T07:00:00
309,24,B011,rating,2025-10-23T22:00:00
310,24,B005,rating,2025-12-24T17:00:00
311,24,B012,rating,2025-10-08T09:00:00
312,24,B011,rating,2026-02-09T11:00:00
313,24,B017,rating,2025-10-25T01:00:00
314,24,B004,rating,2026-03-29T20:00:00
315,24,B013,rating,2025-10-05T17:00:00
316,24,B001,rating,2025-09-03T07:00:00
317,24,B019,rating,2025-02-23T03:00:00
318,24,B003,rating,2025-01-06T17:00:00
319,24,B001,rating,2026-05-04T20:00:00
320,25,B001,rating,2025-02-08T00:00:00
321,25,B016,rating,2025-12-10T09:00:00
322,25,B013,rating,2025-05-18T16:00:00
323,25,B004,rating,2025-12-05T05:00:00
324,25,B016,rating,2025-07-10T00:00:00
325,25,B016,rating,2025-07-17T05:00:00
326,25,B001,rating,2026-02-20T13:00:00
327,25,B018,rating,2025-04-08T05:00:00
328,25,B006,rating,2025-09-12T00:00:00
329,25,B016,rating,2025-10-01T10:00:00
330,25,B018,rating,2026-01-04T22:00:00
331,25,B001,rating,2025-06-13T12:00:00
332,25,B016,rating,2025-11-15T22:00:00
333,25,B016,rating,2025-08-15T07:00:00
334,25,B002,rating,2026-04-11T23:00:00
335,25,B016,rating,2026-04-28T17:00:00
336,25,B016,rating,2025-09-11T21:00:00
337,25,B006,rating,2025-03-25T16:00:00
338,26,B002,rating,2026-05-16T02:00:00
339,26,B010,rating,2025-02-26T14:00:00
340,26,B009,rating,2025-03-01T17:00:00
341,26,B010,rating,2026-02-10T08:00:00
342,26,B003,rating,2025-03-16T01:00:00
343,26,B004,rating,2025-03-03T02:00:00
344,26,B009,rating,2025-10-21T13:00:00
345,26,B003,rating,2026-03-07T11:00:00
346,26,B003,rating,2026-01-22T12:00:00
347,27,B004,rating,2026-04-17T11:00:00
348,27,B020,rating,2025-04-26T01:00:00
349,27,B009,rating,2025-01-17T07:00:00
350,27,B005,rating,2026-04-03T19:00:00
351,27,B020,rating,2025-09-08T23:00:00
352,27,B015,rating,2025-02-27T04:00:00
353,27,B015,rating,2025-11-23T18:00:00
354,27,B020,rating,2025-11-25T07:00:00
355,27,B010,rating,2026-06-18T07:00:00
356,27,B015,rating,2025-06-29T20:00:00
357,27,B010,rating,2025-02-18T11:00:00
358,27,B009,rating,2026-06-22T10:00:00
359,27,B007,rating,2025-11-04T12:00:00
360,28,B017,rating,2026-01-15T02:00:00
361,28,B004,rating,2025-02-10T02:00:00
362,28,B012,rating,2025-12-07T09:00:00
363,28,B002,rating,2025-05-01T23:00:00
364,28,B010,rating,2025-09-06T22:00:00
365,28,B010,rating,2025-11-26T09:00:00
366,28,B013,rating,2026-01-04T16:00:00
367,28,B010,rating,2026-04-26T10:00:00
368,28,B007,rating,2026-02-28T01:00:00
369,28,B008,rating,2025-01-17T08:00:00
370,28,B002,rating,2026-03-04T09:00:00
371,28,B011,rating,2025-09-09T15:00:00
372,29,B004,rating,2025-03-02T16:00:00
373,29,B016,rating,2025-02-19T00:00:00
374,29,B020,rating,2025-01-10T06:00:00
375,29,B013,rating,2026-05-10T21:00:00
376,29,B010,rating,2026-02-26T00:00:00
377,29,B004,rating,2025-10-21T00:00:00
378,29,B015,rating,2025-07-03T03:00:00
379,29,B004,rating,2025-09-04T06:00:00
380,29,B013,rating,2025-12-29T08:00:00
381,29,B010,rating,2026-04-16T18:00:00
382,29,B018,rating,2025-03-24T20:00:00
383,29,B012,rating,2025-02-02T02:00:00
384,29,B013,rating,2025-02-27T20:00:00
385,30,B015,rating,2025-08-01T18:00:00
386,30,B011,rating,2025-11-03T05:00:00
387,30,B017,rating,2026-02-03T21:00:00
388,30,B003,rating,2025-05-24T22:00:00
389,30,B011,rating,2025-12-21T01:00:00
390,30,B002,rating,2025-12-15T19:00:00
391,30,B006,rating,2026-02-11T10:00:00
392,30,B017,rating,2026-04-07T15:00:00
393,30,B018,rating,2026-01-25T02:00:00
394,30,B011,rating,2025-09-10T22:00:00
395,30,B002,rating,2026-02-03T10:00:00
396,30,B002,rating,2026-04-01T11:00:00
397,30,B019,rating,2025-07-11T13:00:00
398,30,B018,rating,2025-12-29T17:00:00
399,30,B011,rating,2025-01-13T09:00:00
400,30,B001,rating,2025-09-06T18:00:00
401,30,B019,rating,2025-11-05T08:00:00
402,30,B008,rating,2026-03-08T09:00:00
403,31,B018,rating,2026-03-17T20:00:00
404,31,B014,rating,2025-07-25T15:00:00
405,31,B015,rating,2025-10-26T23:00:00
406,31,B013,rating,2025-09-06T10:00:00
407,31,B002,rating,2025-07-24T18:00:00
408,31,B001,rating,2025-01-28T23:00:00
409,31,B011,rating,2025-10-26T22:00:00
410,31,B019,rating,2025-05-23T20:00:00
411,31,B010,rating,2026-03-10T12:00:00
412,31,B020,rating,2026-06-03T22:00:00
413,31,B012,rating,2026-01-04T22:00:00
414,32,B018,rating,2025-08-15T14:00:00
415,32,B003,rating,2026-05-28T04:00:00
416,32,B005,rating,2025-10-30T13:00:00
417,32,B012,rating,2025-12-23T09:00:00
418,32,B004,rating,2025-12-23T15:00:00
419,32,B011,rating,2025-11-04T01:00:00
420,32,B010,rating,2025-04-22T21:00:00
421,32,B012,rating,2025-09-07T16:00:00
422,32,B012,rating,2026-03-13T14:00:00
423,32,B020,rating,2025-07-10T20:00:00
424,32,B005,rating,2025-07-22T14:00:00
425,32,B016,rating,2025-08-08T06:00:00
426,32,B003,rating,2025-07-11T11:00:00
427,32,B003,rating,2026-06-25T20:00:00
428,32,B005,rating,2025-04-27T11:00:00
429,32,B014,rating,2025-11-01T19:00:00
430,32,B010,rating,2025-11-17T03:00:00
431,32,B013,rating,2026-06-08T12:00:00
432,33,B005,rating,2026-01-29T17:00:00
433,33,B012,rating,2026-05-19T13:00:00
434,33,B013,rating,2025-06-21T02:00:00
435,33,B012,rating,2025-08-14T09:00:00
436,33,B020,rating,2025-06-22T14:00:00
437,33,B012,rating,2026-05-23T17:00:00
438,33,B012,rating,2026-01-11T17:00:00
439,33,B004,rating,2025-08-12T13:00:00
440,33,B008,rating,2025-02-03T14:00:00
441,33,B011,rating,2025-05-01T07:00:00
442,33,B002,rating,2026-03-15T05:00:00
443,33,B009,rating,2025-07-31T01:00:00
444,33,B001,rating,2025-06-22T10:00:00
445,33,B004,rating,2025-10-01T16:00:00
446,34,B004,rating,2025-11-26T07:00:00
447,34,B019,rating,2026-05-17T04:00:00
448,34,B010,rating,2026-03-01T12:00:00
449,34,B002,rating,2025-10-12T22:00:00
450,34,B007,rating,2026-05-15T10:00:00
451,34,B016,rating,2025-04-06T23:00:00
452,34,B017,rating,2026-01-02T02:00:00
453,34,B004,rating,2026-03-16T06:00:00
454,34,B004,rating,2025-12-12T17:00:00
455,35,B016,rating,2025-11-06T05:00:00
456,35,B017,rating,2025-04-06T20:00:00
457,35,B016,rating,2025-06-19T01:00:00
458,35,B001,rating,2025-08-28T13:00:00
459,35,B013,rating,2025-01-02T06:00:00
460,35,B016,rating,2026-06-16T21:00:00
461,35,B001,rating,2025-05-04T13:00:00
462,35,B018,rating,2025-08-23T12:00:00
463,35,B002,rating,2025-11-03T04:00:00
464,35,B007,rating,2025-05-27T02:00:00
465,35,B020,rating,2025-06-18T14:00:00
466,35,B006,rating,2025-06-05T13:00:00
467,35,B020,rating,2025-08-11T02:00:00
468,35,B018,rating,2026-01-29T11:00:00
469,35,B017,rating,2025-05-24T07:00:00
470,36,B013,rating,2025-03-14T16:00:00
471,36,B004,rating,2025-11-21T04:00:00
472,36,B019,rating,2025-06-26T15:00:00
473,36,B001,rating,2025-01-18T18:00:00
474,36,B016,rating,2026-02-12T16:00:00
475,36,B017,rating,2026-02-16T02:00:00
476,36,B004,rating,2025-06-06T08:00:00
477,36,B013,rating,2025-07-28T04:00:00
478,36,B004,rating,2025-03-09T09:00:00
479,36,B007,rating,2025-09-02T01:00:00
480,36,B013,rating,2025-02-26T09:00:00
481,36,B014,rating,2025-06-29T03:00:00
482,36,B015,rating,2025-06-17T15:00:00
483,36,B004,rating,2025-09-23T05:00:00
484,36,B007,rating,2025-05-01T00:00:00
485,36,B004,rating,2025-03-07T08:00:00
486,36,B013,rating,2025-03-20T15:00:00
487,37,B010,rating,2026-04-29T11:00:00
488,37,B006,rating,2026-03-06T07:00:00
489,37,B002,rating,2025-11-24T08:00:00
490,37,B014,rating,2025-05-03T16:00:00
491,37,B018,rating,2026-06-13T01:00:00
492,37,B005,rating,2025-10-17T09:00:00
493,37,B014,rating,2025-10-26T18:00:00
494,37,B002,rating,2025-09-06T14:00:00
495,37,B020,rating,2025-07-20T23:00:00
496,37,B005,rating,2025-09-09T04:00:00
497,38,B013,rating,2025-05-26T22:00:00
498,38,B015,rating,2026-06-17T13:00:00
499,38,B001,rating,2025-03-28T18:00:00
500,38,B007,rating,2026-02-08T02:00:00
501,38,B015,rating,2025-08-31T09:00:00
502,38,B009,rating,2026-02-07T22:00:00
503,38,B015,rating,2026-04-09T08:00:00
504,38,B007,rating,2025-04-22T04:00:00
505,38,B007,rating,2026-02-21T03:00:00
506,38,B020,rating,2026-04-20T08:00:00
507,38,B010,rating,2025-02-11T06:00:00
508,38,B019,rating,2025-04-04T22:00:00
509,38,B020,rating,2025-02-20T21:00:00
510,39,B014,rating,2025-03-18T00:00:00
511,39,B014,rating,2025-05-12T02:00:00
512,39,B002,rating,2025-12-06T03:00:00
513,39,B002,rating,2026-03-20T23:00:00
514,39,B018,rating,2026-03-13T05:00:00
515,39,B002,rating,2026-04-02T04:00:00
516,39,B002,rating,2026-05-26T13:00:00
517,39,B018,rating,2025-03-31T08:00:00
518,39,B005,rating,2025-09-13T20:00:00
519,39,B004,rating,2025-01-20T12:00:00
520,39,B011,rating,2026-05-12T11:00:00
521,39,B017,rating,2026-02-02T08:00:00
522,39,B020,rating,2025-01-31T08:00:00
523,39,B002,rating,2025-08-27T05:00:00
524,39,B014,rating,2025-02-27T07:00:00
525,40,B006,rating,2026-05-20T17:00:00
526,40,B016,rating,2025-08-27T19:00:00
527,40,B016,rating,2025-07-26T04:00:00
528,40,B002,rating,2025-11-28T01:00:00
529,40,B011,rating,2026-06-23T11:00:00
530,40,B016,rating,2026-02-10T18:00:00
531,40,B015,rating,2025-06-11T23:00:00
532,40,B018,rating,2026-05-14T20:00:00
533,40,B001,rating,2025-06-29T12:00:00
534,40,B015,rating,2026-02-05T18:00:00
535,40,B019,rating,2025-08-15T20:00:00
536,40,B011,rating,2025-05-25T10:00:00
537,40,B011,rating,2025-06-21T20:00:00
538,40,B003,rating,2026-04-03T00:00:00
539,41,B007,rating,2025-08-19T05:00:00
540,41,B003,rating,2025-11-23T08:00:00
541,41,B001,rating,2026-01-20T05:00:00
542,41,B008,rating,2025-04-06T10:00:00
543,41,B014,rating,2026-05-10T22:00:00
544,41,B020,rating,2026-03-21T05:00:00
545,41,B018,rating,2026-02-24T22:00:00
546,41,B008,rating,2025-09-29T21:00:00
547,41,B008,rating,2026-05-18T04:00:00
548,41,B010,rating,2025-10-29T21:00:00
549,41,B003,rating,2025-04-10T00:00:00
550,41,B008,rating,2026-04-30T03:00:00
551,41,B017,rating,2025-09-29T02:00:00
552,42,B017,rating,2025-08-21T17:00:00
553,42,B008,rating,2026-03-05T17:00:00
554,42,B010,rating,2025-08-30T15:00:00
555,42,B007,rating,2025-02-05T16:00:00
556,42,B010,rating,2025-05-31T03:00:00
557,42,B007,rating,2025-06-21T06:00:00
558,42,B007,rating,2025-03-22T21:00:00
559,42,B002,rating,2025-09-22T10:00:00
560,42,B015,rating,2025-03-10T02:00:00
561,42,B014,rating,2025-10-10T16:00:00
562,42,B003,rating,2026-06-20T13:00:00
563,42,B008,rating,2025-04-13T03:00:00
564,42,B010,rating,2025-12-19T13:00:00
565,43,B002,rating,2025-10-15T15:00:00
566,43,B006,rating,2025-08-22T04:00:00
567,43,B002,rating,2025-11-25T08:00:00
568,43,B014,rating,2025-04-02T06:00:00
569,43,B017,rating,2026-06-13T11:00:00
570,43,B002,rating,2025-06-12T02:00:00
571,43,B020,rating,2025-01-30T05:00:00
572,43,B008,rating,2025-09-13T01:00:00
573,43,B005,rating,2025-10-08T11:00:00
574,43,B018,rating,2025-05-07T21:00:00
575,43,B020,rating,2026-04-02T05:00:00
576,43,B020,rating,2025-12-25T11:00:00
577,43,B001,rating,2025-04-03T09:00:00
578,43,B018,rating,2025-08-08T07:00:00
579,43,B007,rating,2025-10-03T20:00:00
580,44,B001,rating,2025-04-15T00:00:00
581,44,B018,rating,2025-10-17T09:00:00
582,44,B012,rating,2025-12-11T08:00:00
583,44,B011,rating,2025-09-25T20:00:00
584,44,B001,rating,2025-11-02T06:00:00
585,44,B007,rating,2026-02-18T21:00:00
586,44,B016,rating,2026-05-25T09:00:00
587,44,B008,rating,2025-02-06T18:00:00
588,44,B020,rating,2025-07-14T10:00:00
589,44,B012,rating,2026-05-03T21:00:00
590,44,B009,rating,2025-07-05T09:00:00
591,44,B009,rating,2025-07-07T21:00:00
592,44,B009,rating,2025-08-16T11:00:00
593,44,B007,rating,2025-12-06T11:00:00
594,44,B009,rating,2025-05-01T15:00:00
595,44,B013,rating,2025-07-19T16:00:00
596,44,B016,rating,2026-02-28T01:00:00
597,44,B009,rating,2025-12-17T13:00:00
598,45,B001,rating,2025-05-13T19:00:00
599,45,B016,rating,2026-05-04T12:00:00
600,45,B002,rating,2025-01-15T10:00:00
601,45,B001,rating,2025-01-19T21:00:00
602,45,B006,rating,2025-11-16T04:00:00
603,45,B020,rating,2025-11-02T09:00:00
604,45,B006,rating,2025-05-18T10:00:00
605,45,B001,rating,2025-07-12T05:00:00
606,45,B007,rating,2026-02-18T00:00:00
607,45,B003,rating,2026-06-01T05:00:00
608,45,B016,rating,2025-09-19T17:00:00
609,45,B011,rating,2025-02-19T21:00:00
610,45,B002,rating,2026-03-03T14:00:00
611,45,B016,rating,2025-06-06T06:00:00
612,45,B016,rating,2025-11-05T13:00:00
613,46,B011,rating,2025-07-26T11:00:00
614,46,B013,rating,2025-02-10T17:00:00
615,46,B007,rating,2026-05-08T10:00:00
616,46,B018,rating,2025-04-24T18:00:00
617,46,B009,rating,2026-06-08T02:00:00
618,46,B011,rating,2025-08-25T14:00:00
619,46,B003,rating,2026-04-21T01:00:00
620,46,B015,rating,2025-10-25T11:00:00
621,46,B008,rating,2025-04-29T03:00:00
622,46,B011,rating,2025-01-10T04:00:00
623,46,B015,rating,2026-03-25T19:00:00
624,46,B016,rating,2025-12-17T05:00:00
625,47,B015,rating,2026-05-10T18:00:00
626,47,B015,rating,2026-01-03T19:00:00
627,47,B010,rating,2026-05-15T03:00:00
628,47,B010,rating,2025-03-06T08:00:00
629,47,B017,rating,2025-08-18T21:00:00
630,47,B006,rating,2025-04-08T13:00:00
631,47,B005,rating,2026-01-30T04:00:00
632,47,B015,rating,2025-02-25T00:00:00
633,47,B020,rating,2026-05-23T05:00:00
634,47,B016,rating,2025-12-05T08:00:00
635,47,B004,rating,2026-01-23T12:00:00
636,47,B018,rating,2026-04-04T02:00:00
637,48,B020,rating,2025-11-08T16:00:00
638,48,B017,rating,2026-04-13T10:00:00
639,48,B001,rating,2026-04-11T10:00:00
640,48,B010,rating,2026-04-30T22:00:00
641,48,B001,rating,2025-04-27T03:00:00
642,48,B014,rating,2025-12-30T20:00:00
643,48,B017,rating,2026-06-19T11:00:00
644,48,B017,rating,2026-05-20T04:00:00
645,48,B020,rating,2026-02-24T03:00:00
646,49,B009,rating,2026-06-01T04:00:00
647,49,B014,rating,2026-03-20T18:00:00
648,49,B013,rating,2025-06-27T23:00:00
649,49,B004,rating,2025-11-26T16:00:00
650,49,B008,rating,2025-09-12T08:00:00
651,49,B018,rating,2026-04-09T04:00:00
652,49,B016,rating,2025-11-18T22:00:00
653,49,B013,rating,2025-08-11T06:00:00
654,49,B014,rating,2025-05-16T22:00:00
655,49,B009,rating,2026-05-31T17:00:00
656,49,B013,rating,2025-04-29T11:00:00
657,50,B014,rating,2025-07-28T17:00:00
658,50,B013,rating,2025-08-18T23:00:00
659,50,B018,rating,2026-06-08T22:00:00
660,50,B011,rating,2026-02-01T13:00:00
661,50,B018,rating,2025-11-17T17:00:00
662,50,B011,rating,2025-08-19T20:00:00
663,50,B001,rating,2025-07-21T23:00:00
664,50,B003,rating,2025-07-01T21:00:00
665,50,B010,rating,2025-05-03T12:00:00
666,50,B002,rating,2025-05-14T05:00:00
667,50,B002,rating,2025-12-05T14:00:00
668,50,B007,rating,2025-11-27T19:00:00
669,50,B015,rating,2026-01-02T02:00:00
670,50,B020,rating,2025-08-14T05:00:00
671,50,B013,rating,2026-02-18T02:00:00
672,50,B004,rating,2025-12-06T11:00:00
673,50,B002,rating,2025-01-10T03:00:00
674,50,B015,rating,2025-09-07T01:00:00
675,51,B010,rating,2025-07-17T10:00:00
676,51,B014,rating,2025-01-08T20:00:00
677,51,B007,rating,2026-03-11T03:00:00
678,51,B020,rating,2025-03-15T23:00:00
679,51,B018,rating,2025-02-08T02:00:00
680,51,B010,rating,2025-03-14T18:00:00
681,51,B018,rating,2026-02-22T12:00:00
682,51,B013,rating,2025-01-18T12:00:00
683,51,B002,rating,2025-03-06T23:00:00
684,52,B005,rating,2025-02-01T15:00:00
685,52,B009,rating,2025-10-30T20:00:00
686,52,B005,rating,2025-01-12T17:00:00
687,52,B013,rating,2025-01-06T18:00:00
688,52,B011,rating,2025-03-29T09:00:00
689,52,B005,rating,2025-05-26T05:00:00
690,52,B019,rating,2025-02-25T17:00:00
691,52,B006,rating,2025-03-10T08:00:00
692,52,B016,rating,2026-01-01T04:00:00
693,53,B002,rating,2025-12-06T15:00:00
694,53,B005,rating,2026-05-14T17:00:00
695,53,B012,rating,2025-05-24T17:00:00
696,53,B008,rating,2025-01-20T16:00:00
697,53,B012,rating,2026-02-19T18:00:00
698,53,B013,rating,2026-04-29T20:00:00
699,53,B004,rating,2025-08-17T18:00:00
700,53,B012,rating,2026-04-21T16:00:00
701,53,B016,rating,2025-01-11T21:00:00
702,53,B020,rating,2025-05-24T14:00:00
703,53,B005,rating,2026-05-11T11:00:00
704,53,B008,rating,2026-01-14T07:00:00
705,53,B015,rating,2026-01-05T12:00:00
706,53,B014,rating,2025-02-10T20:00:00
707,53,B012,rating,2025-09-27T18:00:00
708,53,B007,rating,2026-01-23T11:00:00
709,53,B009,rating,2025-03-21T16:00:00
710,54,B019,rating,2025-05-02T21:00:00
711,54,B009,rating,2026-05-09T21:00:00
712,54,B019,rating,2026-02-25T00:00:00
713,54,B019,rating,2025-06-14T04:00:00
714,54,B001,rating,2025-05-31T01:00:00
715,54,B019,rating,2026-02-20T19:00:00
716,54,B011,rating,2025-10-18T02:00:00
717,54,B006,rating,2025-06-24T07:00:00
718,54,B013,rating,2025-07-06T19:00:00
719,54,B007,rating,2025-12-17T14:00:00
720,54,B004,rating,2026-01-30T04:00:00
721,54,B004,rating,2026-06-01T21:00:00
722,54,B015,rating,2025-07-01T15:00:00
723,55,B009,rating,2026-01-26T11:00:00
724,55,B001,rating,2025-04-11T13:00:00
725,55,B008,rating,2025-03-27T09:00:00
726,55,B001,rating,2025-09-21T06:00:00
727,55,B012,rating,2025-05-01T16:00:00
728,55,B016,rating,2025-11-20T13:00:00
729,55,B017,rating,2025-09-17T08:00:00
730,55,B016,rating,2026-01-10T19:00:00
731,55,B013,rating,2026-02-28T17:00:00
732,55,B009,rating,2026-01-15T17:00:00
733,55,B006,rating,2025-11-11T18:00:00
734,55,B001,rating,2025-05-02T23:00:00
735,55,B009,rating,2026-02-15T10:00:00
736,55,B004,rating,2025-02-23T05:00:00
737,55,B016,rating,2025-05-29T15:00:00
738,55,B016,rating,2025-03-07T08:00:00
739,56,B019,rating,2026-06-07T16:00:00
740,56,B008,rating,2025-02-06T11:00:00
741,56,B013,rating,2025-03-30T08:00:00
742,56,B005,rating,2026-02-09T12:00:00
743,56,B019,rating,2025-03-12T02:00:00
744,56,B002,rating,2025-10-11T07:00:00
745,56,B014,rating,2025-01-05T08:00:00
746,56,B004,rating,2026-05-31T09:00:00
747,56,B010,rating,2025-09-21T17:00:00
748,56,B001,rating,2026-03-30T12:00:00
749,56,B016,rating,2025-12-14T14:00:00
750,56,B019,rating,2025-01-29T15:00:00
751,56,B011,rating,2025-08-14T21:00:00
752,56,B004,rating,2026-02-27T11:00:00
753,57,B005,rating,2025-07-14T15:00:00
754,57,B002,rating,2025-09-29T06:00:00
755,57,B017,rating,2025-12-31T04:00:00
756,57,B018,rating,2026-05-20T19:00:00
757,57,B002,rating,2026-01-16T19:00:00
758,57,B020,rating,2026-06-08T08:00:00
759,57,B014,rating,2026-05-05T17:00:00
760,57,B009,rating,2025-06-28T14:00:00
761,57,B020,rating,2026-04-17T10:00:00
762,57,B006,rating,2026-01-24T18:00:00
763,57,B020,rating,2025-09-23T05:00:00
764,57,B017,rating,2025-12-18T11:00:00
765,58,B016,rating,2025-06-03T15:00:00
766,58,B007,rating,2025-05-18T20:00:00
767,58,B006,rating,2025-11-04T08:00:00
768,58,B005,rating,2026-02-12T03:00:00
769,58,B011,rating,2026-05-03T20:00:00
770,58,B007,rating,2026-01-04T17:00:00
771,58,B004,rating,2025-12-19T00:00:00
772,58,B007,rating,2025-07-23T18:00:00
773,58,B007,rating,2025-06-28T09:00:00
774,58,B010,rating,2026-04-03T02:00:00
775,58,B009,rating,2025-05-29T05:00:00
776,58,B005,rating,2026-03-08T20:00:00
777,58,B019,rating,2025-03-15T02:00:00
778,59,B007,rating,2025-04-16T03:00:00
779,59,B006,rating,2025-01-27T12:00:00
780,59,B016,rating,2025-06-09T02:00:00
781,59,B006,rating,2025-11-13T07:00:00
782,59,B013,rating,2025-05-10T04:00:00
783,59,B020,rating,2025-11-30T15:00:00
784,59,B010,rating,2025-05-19T22:00:00
785,59,B014,rating,2026-03-22T16:00:00
786,59,B020,rating,2025-12-22T15:00:00
787,59,B011,rating,2026-01-10T13:00:00
788,59,B003,rating,2025-05-20T11:00:00
789,59,B001,rating,2026-05-19T15:00:00
790,59,B018,rating,2025-08-25T00:00:00
791,59,B016,rating,2026-03-24T12:00:00
792,59,B020,rating,2025-08-14T08:00:00
793,59,B018,rating,2025-10-06T09:00:00
794,59,B002,rating,2025-10-03T13:00:00
795,59,B003,rating,2025-04-24T20:00:00
796,60,B008,rating,2025-02-02T10:00:00
797,60,B006,rating,2025-03-15T17:00:00
798,60,B001,rating,2025-09-14T12:00:00
799,60,B020,rating,2026-01-30T14:00:00
800,60,B001,rating,2026-06-18T21:00:00
801,60,B020,rating,2025-11-16T10:00:00
802,60,B006,rating,2026-06-18T03:00:00
803,60,B001,rating,2025-08-12T03:00:00
804,60,B007,rating,2025-06-21T08:00:00
805,60,B001,rating,2025-09-06T00:00:00
806,60,B001,rating,2026-05-02T22:00:00
807,60,B001,rating,2025-04-02T07:00:00
808,60,B003,rating,2025-12-13T20:00:00
809,60,B006,rating,2025-04-20T04:00:00
810,60,B016,rating,2025-12-22T14:00:00
811,60,B008,rating,2026-01-02T23:00:00
812,60,B006,rating,2026-03-25T17:00:00
813,61,B008,rating,2026-01-08T19:00:00
814,61,B014,rating,2026-02-01T06:00:00
815,61,B007,rating,2025-06-07T19:00:00
816,61,B016,rating,2025-04-24T03:00:00
817,61,B018,rating,2025-07-02T01:00:00
818,61,B010,rating,2026-02-02T21:00:00
819,61,B002,rating,2025-03-14T00:00:00
820,61,B004,rating,2025-03-23T14:00:00
821,61,B008,rating,2026-03-02T11:00:00
822,61,B007,rating,2025-09-30T16:00:00
823,61,B008,rating,2025-03-21T06:00:00
824,61,B001,rating,2026-01-30T06:00:00
825,61,B012,rating,2025-07-03T17:00:00
826,61,B008,rating,2025-04-19T20:00:00
827,61,B005,rating,2026-03-14T03:00:00
828,61,B001,rating,2026-06-01T10:00:00
829,62,B010,rating,2026-02-11T00:00:00
830,62,B008,rating,2025-01-17T16:00:00
831,62,B007,rating,2025-08-08T10:00:00
832,62,B020,rating,2026-06-08T17:00:00
833,62,B007,rating,2025-04-07T01:00:00
834,62,B008,rating,2025-09-13T07:00:00
835,62,B015,rating,2025-08-11T23:00:00
836,62,B010,rating,2025-06-27T15:00:00
837,62,B015,rating,2025-04-08T19:00:00
838,62,B012,rating,2026-01-26T02:00:00
839,62,B011,rating,2025-12-09T11:00:00
840,62,B007,rating,2025-05-04T07:00:00
841,62,B015,rating,2025-01-12T20:00:00
842,62,B018,rating,2025-11-09T16:00:00
843,62,B007,rating,2025-08-15T04:00:00
844,62,B019,rating,2026-06-01T02:00:00
845,62,B010,rating,2025-06-01T04:00:00
846,63,B014,rating,2026-02-09T20:00:00
847,63,B006,rating,2026-06-21T07:00:00
848,63,B011,rating,2025-11-28T21:00:00
849,63,B012,rating,2026-03-10T11:00:00
850,63,B018,rating,2025-01-25T09:00:00
851,63,B018,rating,2026-03-29T19:00:00
852,63,B014,rating,2025-08-28T06:00:00
853,63,B004,rating,2025-04-26T23:00:00
854,64,B001,rating,2025-05-25T22:00:00
855,64,B013,rating,2026-06-24T01:00:00
856,64,B003,rating,2025-10-05T01:00:00
857,64,B009,rating,2026-01-04T03:00:00
858,64,B001,rating,2026-06-05T22:00:00
859,64,B006,rating,2025-04-01T05:00:00
860,64,B009,rating,2025-01-23T01:00:00
861,64,B005,rating,2026-02-07T23:00:00
862,64,B009,rating,2025-12-30T20:00:00
863,64,B007,rating,2025-09-21T12:00:00
864,64,B009,rating,2025-01-31T17:00:00
865,64,B014,rating,2026-02-07T21:00:00
866,65,B012,rating,2025-05-29T20:00:00
867,65,B013,rating,2025-11-22T02:00:00
868,65,B004,rating,2025-05-02T05:00:00
869,65,B004,rating,2025-11-23T13:00:00
870,65,B001,rating,2025-10-08T04:00:00
871,65,B020,rating,2025-01-27T19:00:00
872,65,B018,rating,2025-08-25T19:00:00
873,65,B006,rating,2026-05-04T04:00:00
874,65,B010,rating,2026-01-18T05:00:00
875,65,B003,rating,2025-05-21T05:00:00
876,65,B001,rating,2025-01-16T08:00:00
877,65,B010,rating,2025-07-29T02:00:00
878,65,B016,rating,2026-05-17T22:00:00
879,65,B016,rating,2026-03-14T12:00:00
880,65,B006,rating,2026-01-25T23:00:00
881,65,B015,rating,2026-04-08T14:00:00
882,65,B009,rating,2026-06-16T17:00:00
883,65,B001,rating,2026-06-13T20:00:00
884,66,B018,rating,2025-05-19T12:00:00
885,66,B015,rating,2025-07-26T14:00:00
886,66,B003,rating,2025-06-17T22:00:00
887,66,B003,rating,2026-01-07T02:00:00
888,66,B004,rating,2026-06-08T19:00:00
889,66,B019,rating,2026-01-25T01:00:00
890,66,B013,rating,2025-06-03T05:00:00
891,66,B018,rating,2026-03-06T09:00:00
892,66,B008,rating,2025-07-05T03:00:00
893,66,B012,rating,2025-01-04T19:00:00
894,66,B003,rating,2026-05-26T17:00:00
895,66,B009,rating,2026-05-21T07:00:00
896,66,B003,rating,2026-03-29T02:00:00
897,66,B011,rating,2025-10-12T19:00:00
898,67,B002,rating,2025-07-02T05:00:00
899,67,B005,rating,2025-07-01T14:00:00
900,67,B013,rating,2025-02-06T02:00:00
901,67,B002,rating,2026-01-24T02:00:00
902,67,B016,rating,2025-03-08T09:00:00
903,67,B014,rating,2025-10-09T10:00:00
904,67,B015,rating,2025-03-01T03:00:00
905,67,B007,rating,2025-03-31T15:00:00
906,67,B018,rating,2025-10-22T13:00:00
907,67,B002,rating,2026-06-23T18:00:00
908,67,B010,rating,2025-05-13T19:00:00
909,68,B012,rating,2025-10-16T08:00:00
910,68,B017,rating,2026-06-03T17:00:00
911,68,B018,rating,2025-12-16T12:00:00
912,68,B006,rating,2025-01-30T05:00:00
913,68,B007,rating,2026-05-06T15:00:00
914,68,B005,rating,2026-05-09T04:00:00
915,68,B003,rating,2025-12-10T14:00:00
916,68,B012,rating,2025-02-27T16:00:00
917,68,B017,rating,2025-01-20T06:00:00
918,68,B017,rating,2025-12-29T02:00:00
919,68,B005,rating,2025-02-01T10:00:00
920,68,B015,rating,2025-06-19T18:00:00
921,68,B010,rating,2025-11-12T22:00:00
922,68,B002,rating,2025-10-06T13:00:00
923,68,B009,rating,2025-11-06T06:00:00
924,68,B017,rating,2025-07-26T02:00:00
925,68,B006,rating,2026-05-28T04:00:00
926,68,B016,rating,2026-06-21T09:00:00
927,69,B013,rating,2025-11-16T20:00:00
928,69,B004,rating,2025-07-17T09:00:00
929,69,B013,rating,2025-05-01T08:00:00
930,69,B009,rating,2026-06-11T03:00:00
931,69,B013,rating,2025-10-05T04:00:00
932,69,B011,rating,2025-09-08T05:00:00
933,69,B001,rating,2025-02-21T04:00:00
934,69,B019,rating,2025-03-30T13:00:00
935,69,B013,rating,2025-11-16T10:00:00
936,69,B013,rating,2025-03-22T14:00:00
937,69,B003,rating,2025-04-10T14:00:00
938,69,B010,rating,2025-08-18T04:00:00
939,69,B002,rating,2026-01-08T12:00:00
940,69,B011,rating,2025-11-29T14:00:00
941,69,B013,rating,2025-12-26T15:00:00
942,69,B005,rating,2025-12-23T19:00:00
943,70,B016,rating,2026-03-18T13:00:00
944,70,B016,rating,2025-08-30T05:00:00
945,70,B008,rating,2026-05-14T03:00:00
946,70,B012,rating,2025-04-10T14:00:00
947,70,B016,rating,2026-01-24T10:00:00
948,70,B011,rating,2025-01-01T04:00:00
949,70,B010,rating,2025-10-26T12:00:00
950,70,B010,rating,2025-07-30T21:00:00
951,70,B011,rating,2025-11-08T13:00:00
952,70,B011,rating,2025-04-02T18:00:00
953,70,B020,rating,2025-10-29T01:00:00
954,70,B010,rating,2026-01-03T03:00:00
955,70,B009,rating,2025-08-29T13:00:00
956,70,B016,rating,2025-11-22T22:00:00
957,71,B016,rating,2025-01-17T04:00:00
958,71,B014,rating,2026-03-24T04:00:00
959,71,B003,rating,2026-03-12T19:00:00
960,71,B010,rating,2026-04-06T12:00:00
961,71,B020,rating,2025-01-08T18:00:00
962,71,B019,rating,2025-10-03T13:00:00
963,71,B002,rating,2025-02-04T01:00:00
964,71,B020,rating,2025-04-26T18:00:00
965,71,B017,rating,2025-10-14T14:00:00
966,71,B002,rating,2025-11-16T19:00:00
967,71,B002,rating,2025-01-12T15:00:00
968,72,B007,rating,2025-10-26T23:00:00
969,72,B020,rating,2025-03-26T04:00:00
970,72,B016,rating,2025-10-15T08:00:00
971,72,B005,rating,2025-06-28T18:00:00
972,72,B001,rating,2026-01-14T05:00:00
973,72,B019,rating,2026-06-25T01:00:00
974,72,B014,rating,2025-06-07T15:00:00
975,72,B014,rating,2026-01-28T07:00:00
976,72,B010,rating,2025-06-21T06:00:00
977,72,B002,rating,2025-02-25T20:00:00
978,72,B008,rating,2026-02-13T15:00:00
979,72,B005,rating,2026-02-04T15:00:00
980,72,B002,rating,2026-01-27T21:00:00
981,73,B009,rating,2025-01-11T21:00:00
982,73,B017,rating,2026-06-22T03:00:00
983,73,B012,rating,2025-10-18T08:00:00
984,73,B012,rating,2025-02-28T19:00:00
985,73,B007,rating,2025-05-05T22:00:00
986,73,B007,rating,2025-05-14T12:00:00
987,73,B016,rating,2025-07-09T03:00:00
988,73,B007,rating,2026-04-24T21:00:00
989,73,B012,rating,2025-10-11T13:00:00
990,73,B012,rating,2025-11-28T08:00:00
991,73,B013,rating,2025-03-05T12:00:00
992,73,B006,rating,2025-09-29T05:00:00
993,73,B013,rating,2025-07-25T19:00:00
994,73,B015,rating,2026-03-18T06:00:00
995,73,B012,rating,2025-09-23T03:00:00
996,73,B013,rating,2025-09-14T14:00:00
997,73,B020,rating,2025-02-08T21:00:00
998,73,B008,rating,2026-02-05T18:00:00
999,74,B019,rating,2025-04-03T11:00:00
1000,74,B019,rating,2025-10-24T20:00:00
1001,74,B019,rating,2025-07-15T09:00:00
1002,74,B013,rating,2026-01-03T15:00:00
1003,74,B001,rating,2025-05-24T01:00:00
1004,74,B019,rating,2025-03-06T17:00:00
1005,74,B019,rating,2026-04-06T00:00:00
1006,74,B012,rating,2025-02-13T12:00:00
1007,74,B014,rating,2025-06-02T23:00:00
1008,74,B019,rating,2025-02-07T23:00:00
1009,74,B009,rating,2025-02-16T07:00:00
1010,74,B017,rating,2025-02-21T09:00:00
1011,74,B010,rating,2025-06-24T18:00:00
1012,74,B016,rating,2025-08-14T02:00:00
1013,75,B006,rating,2026-01-21T05:00:00
1014,75,B001,rating,2025-07-03T02:00:00
1015,75,B014,rating,2025-10-18T13:00:00
1016,75,B010,rating,2026-05-03T22:00:00
1017,75,B006,rating,2026-06-20T14:00:00
1018,75,B019,rating,2025-02-08T19:00:00
1019,75,B003,rating,2025-04-01T20:00:00
1020,75,B001,rating,2026-03-05T00:00:00
1021,75,B002,rating,2025-04-08T19:00:00
1022,75,B001,rating,2025-08-02T08:00:00
1023,75,B005,rating,2026-05-01T15:00:00
1024,75,B016,rating,2025-10-19T06:00:00
1025,75,B002,rating,2026-04-10T01:00:00
1026,75,B006,rating,2025-06-30T05:00:00
1027,75,B002,rating,2025-04-29T02:00:00
1028,75,B004,rating,2025-11-30T13:00:00
1029,75,B011,rating,2025-11-30T07:00:00
1030,75,B001,rating,2026-01-20T07:00:00
1031,76,B004,rating,2025-03-03T08:00:00
1032,76,B013,rating,2025-06-25T10:00:00
1033,76,B004,rating,2025-06-24T18:00:00
1034,76,B007,rating,2025-03-30T13:00:00
1035,76,B009,rating,2025-08-10T18:00:00
1036,76,B004,rating,2026-03-15T23:00:00
1037,76,B007,rating,2025-08-16T18:00:00
1038,76,B004,rating,2025-01-06T13:00:00
1039,76,B006,rating,2026-06-01T01:00:00
1040,76,B001,rating,2025-04-11T14:00:00
1041,77,B017,rating,2025-06-15T22:00:00
1042,77,B011,rating,2026-04-20T04:00:00
1043,77,B004,rating,2026-01-15T20:00:00
1044,77,B009,rating,2025-03-14T12:00:00
1045,77,B005,rating,2025-02-03T09:00:00
1046,77,B020,rating,2025-08-01T21:00:00
1047,77,B001,rating,2025-02-26T16:00:00
1048,77,B017,rating,2025-02-22T03:00:00
1049,78,B008,rating,2025-08-19T10:00:00
1050,78,B013,rating,2026-03-10T08:00:00
1051,78,B015,rating,2026-05-13T16:00:00
1052,78,B010,rating,2025-10-27T14:00:00
1053,78,B015,rating,2025-03-09T06:00:00
1054,78,B005,rating,2025-03-24T12:00:00
1055,78,B007,rating,2025-03-20T03:00:00
1056,78,B010,rating,2026-05-24T04:00:00
1057,78,B013,rating,2025-01-24T09:00:00
1058,78,B015,rating,2026-03-07T14:00:00
1059,78,B015,rating,2025-03-06T00:00:00
1060,78,B016,rating,2025-12-10T13:00:00
1061,78,B015,rating,2025-12-01T15:00:00
1062,79,B013,rating,2025-06-29T22:00:00
1063,79,B007,rating,2025-06-07T05:00:00
1064,79,B002,rating,2025-05-10T14:00:00
1065,79,B018,rating,2025-11-21T11:00:00
1066,79,B003,rating,2025-06-16T17:00:00
1067,79,B006,rating,2026-05-27T04:00:00
1068,79,B014,rating,2025-06-09T00:00:00
1069,79,B020,rating,2026-06-04T10:00:00
1070,79,B018,rating,2025-10-24T18:00:00
1071,79,B002,rating,2026-03-29T10:00:00
1072,79,B009,rating,2025-02-11T04:00:00
1073,79,B013,rating,2026-02-16T19:00:00
1074,79,B002,rating,2025-04-05T10:00:00
1075,79,B020,rating,2025-08-16T08:00:00
1076,79,B018,rating,2026-04-02T21:00:00
1077,79,B007,rating,2026-02-08T06:00:00
1078,80,B006,rating,2026-03-30T09:00:00
1079,80,B015,rating,2026-03-01T04:00:00
1080,80,B006,rating,2025-05-28T06:00:00
1081,80,B006,rating,2026-01-20T02:00:00
1082,80,B001,rating,2026-04-19T22:00:00
1083,80,B006,rating,2025-07-24T05:00:00
1084,80,B006,rating,2026-05-18T01:00:00
1085,80,B007,rating,2025-11-08T15:00:00
1086,80,B010,rating,2025-01-28T00:00:00
1087,80,B003,rating,2026-04-29T03:00:00
1088,80,B017,rating,2026-03-04T05:00:00
1089,80,B016,rating,2026-05-20T02:00:00
1090,80,B006,rating,2026-05-08T18:00:00
1091,81,B020,rating,2025-02-19T09:00:00
1092,81,B016,rating,2025-07-07T03:00:00
1093,81,B008,rating,2025-11-20T21:00:00
1094,81,B014,rating,2026-01-07T03:00:00
1095,81,B001,rating,2025-01-14T04:00:00
1096,81,B007,rating,2026-02-26T10:00:00
1097,81,B010,rating,2025-06-08T16:00:00
1098,81,B004,rating,2026-06-23T17:00:00
1099,81,B008,rating,2025-04-27T13:00:00
1100,81,B013,rating,2025-01-18T15:00:00
1101,81,B008,rating,2026-06-20T10:00:00
1102,81,B002,rating,2025-08-16T04:00:00
1103,81,B008,rating,2025-11-11T04:00:00
1104,81,B012,rating,2025-04-25T02:00:00
1105,81,B019,rating,2025-02-13T06:00:00
1106,82,B002,rating,2025-10-12T18:00:00
1107,82,B007,rating,2025-09-05T16:00:00
1108,82,B001,rating,2025-01-15T16:00:00
1109,82,B004,rating,2025-06-25T17:00:00
1110,82,B004,rating,2026-06-01T22:00:00
1111,82,B012,rating,2025-04-20T05:00:00
1112,82,B011,rating,2026-03-11T06:00:00
1113,82,B007,rating,2025-05-07T14:00:00
1114,82,B014,rating,2026-01-05T22:00:00
1115,82,B001,rating,2025-04-29T12:00:00
1116,82,B005,rating,2026-03-31T07:00:00
1117,82,B015,rating,2026-03-15T06:00:00
1118,83,B020,rating,2026-01-08T06:00:00
1119,83,B010,rating,2026-05-27T08:00:00
1120,83,B001,rating,2025-10-07T20:00:00
1121,83,B017,rating,2026-02-19T15:00:00
1122,83,B017,rating,2025-04-21T03:00:00
1123,83,B011,rating,2025-01-31T03:00:00
1124,83,B014,rating,2026-05-26T21:00:00
1125,83,B017,rating,2025-12-01T04:00:00
1126,83,B002,rating,2026-06-17T15:00:00
1127,83,B011,rating,2026-05-18T16:00:00
1128,83,B018,rating,2025-01-19T01:00:00
1129,83,B020,rating,2025-05-02T12:00:00
1130,83,B018,rating,2025-02-06T01:00:00
1131,83,B020,rating,2025-06-18T15:00:00
1132,83,B003,rating,2026-05-15T03:00:00
1133,84,B013,rating,2025-01-28T20:00:00
1134,84,B010,rating,2026-01-01T13:00:00
1135,84,B009,rating,2025-03-28T22:00:00
1136,84,B017,rating,2025-01-21T17:00:00
1137,84,B009,rating,2026-03-09T18:00:00
1138,84,B009,rating,2026-04-26T18:00:00
1139,84,B009,rating,2026-02-04T10:00:00
1140,84,B020,rating,2025-04-13T22:00:00
1141,84,B011,rating,2026-05-30T21:00:00
1142,84,B009,rating,2026-03-23T06:00:00
1143,84,B020,rating,2025-08-08T09:00:00
1144,84,B008,rating,2026-02-16T07:00:00
1145,84,B001,rating,2025-04-08T18:00:00
1146,84,B002,rating,2026-05-02T13:00:00
1147,84,B017,rating,2025-11-06T16:00:00
1148,84,B009,rating,2025-11-17T06:00:00
1149,85,B014,rating,2025-03-03T16:00:00
1150,85,B010,rating,2025-11-04T13:00:00
1151,85,B017,rating,2026-02-27T08:00:00
1152,85,B013,rating,2025-09-20T21:00:00
1153,85,B009,rating,2025-04-27T04:00:00
1154,85,B002,rating,2025-11-14T14:00:00
1155,85,B008,rating,2025-02-07T06:00:00
1156,85,B014,rating,2025-06-30T20:00:00
1157,85,B016,rating,2026-05-13T00:00:00
1158,85,B019,rating,2025-11-02T02:00:00
1159,85,B005,rating,2026-01-08T21:00:00
1160,85,B013,rating,2025-08-30T03:00:00
1161,85,B016,rating,2025-05-04T16:00:00
1162,85,B016,rating,2026-06-22T08:00:00
1163,85,B018,rating,2025-11-17T10:00:00
1164,86,B019,rating,2026-03-10T15:00:00
1165,86,B003,rating,2025-05-29T11:00:00
1166,86,B003,rating,2025-01-22T20:00:00
1167,86,B003,rating,2025-02-25T22:00:00
1168,86,B003,rating,2025-09-17T17:00:00
1169,86,B006,rating,2025-05-05T17:00:00
1170,86,B017,rating,2026-02-02T00:00:00
1171,86,B002,rating,2025-09-19T09:00:00
1172,86,B009,rating,2025-06-14T14:00:00
1173,86,B013,rating,2026-02-21T01:00:00
1174,86,B003,rating,2026-05-19T15:00:00
1175,87,B015,rating,2025-07-08T20:00:00
1176,87,B017,rating,2025-11-09T10:00:00
1177,87,B015,rating,2026-06-13T22:00:00
1178,87,B015,rating,2025-05-14T19:00:00
1179,87,B015,rating,2025-11-24T14:00:00
1180,87,B010,rating,2025-12-02T09:00:00
1181,87,B008,rating,2026-02-07T12:00:00
1182,87,B012,rating,2025-08-18T00:00:00
1183,87,B015,rating,2025-08-23T02:00:00
1184,87,B015,rating,2025-02-20T12:00:00
1185,87,B010,rating,2025-06-02T02:00:00
1186,87,B001,rating,2025-05-01T00:00:00
1187,87,B002,rating,2026-04-10T21:00:00
1188,88,B019,rating,2025-07-04T13:00:00
1189,88,B017,rating,2025-08-30T19:00:00
1190,88,B007,rating,2026-04-15T02:00:00
1191,88,B017,rating,2026-02-12T21:00:00
1192,88,B010,rating,2025-09-20T02:00:00
1193,88,B011,rating,2026-04-28T11:00:00
1194,88,B005,rating,2025-02-16T00:00:00
1195,88,B006,rating,2026-02-09T21:00:00
1196,88,B017,rating,2025-09-24T05:00:00
1197,88,B017,rating,2025-05-16T02:00:00
1198,88,B005,rating,2025-11-17T01:00:00
1199,89,B013,rating,2025-06-04T17:00:00
1200,89,B018,rating,2026-03-27T01:00:00
1201,89,B004,rating,2026-04-27T08:00:00
1202,89,B017,rating,2026-05-22T01:00:00
1203,89,B013,rating,2025-04-26T23:00:00
1204,89,B014,rating,2025-07-28T09:00:00
1205,89,B004,rating,2025-10-07T18:00:00
1206,89,B005,rating,2025-01-05T16:00:00
1207,89,B017,rating,2025-09-10T15:00:00
1208,89,B005,rating,2025-01-27T09:00:00
1209,89,B020,rating,2026-02-08T11:00:00
1210,89,B014,rating,2025-11-28T04:00:00
1211,90,B011,rating,2026-01-26T02:00:00
1212,90,B012,rating,2025-04-02T00:00:00
1213,90,B007,rating,2025-10-19T20:00:00
1214,90,B012,rating,2025-05-04T09:00:00
1215,90,B008,rating,2025-11-14T21:00:00
1216,90,B002,rating,2025-04-09T11:00:00
1217,90,B011,rating,2026-02-02T15:00:00
1218,90,B011,rating,2026-01-13T19:00:00
1219,90,B019,rating,2025-12-16T14:00:00
1220,90,B020,rating,2025-06-08T15:00:00
1221,90,B018,rating,2026-03-24T02:00:00
1222,90,B016,rating,2025-06-02T04:00:00
1223,90,B004,rating,2025-09-12T16:00:00
1224,90,B017,rating,2025-02-16T16:00:00
1225,90,B016,rating,2026-04-21T21:00:00
1226,90,B007,rating,2025-12-30T08:00:00
1227,90,B016,rating,2025-01-17T03:00:00
1228,90,B014,rating,2025-07-06T12:00:00
1229,91,B008,rating,2025-04-19T13:00:00
1230,91,B018,rating,2025-01-14T05:00:00
1231,91,B018,rating,2026-02-19T21:00:00
1232,91,B013,rating,2026-05-14T09:00:00
1233,91,B018,rating,2026-01-05T22:00:00
1234,91,B009,rating,2026-02-09T09:00:00
1235,91,B020,rating,2025-01-17T22:00:00
1236,91,B018,rating,2025-08-03T15:00:00
1237,91,B004,rating,2026-03-23T20:00:00
1238,91,B002,rating,2025-03-30T09:00:00
1239,91,B020,rating,2025-01-23T03:00:00
1240,91,B006,rating,2026-04-01T15:00:00
1241,92,B005,rating,2025-10-25T01:00:00
1242,92,B016,rating,2026-05-15T07:00:00
1243,92,B006,rating,2026-03-09T18:00:00
1244,92,B005,rating,2026-03-04T15:00:00
1245,92,B003,rating,2026-03-23T00:00:00
1246,92,B017,rating,2026-03-25T07:00:00
1247,92,B007,rating,2026-04-25T04:00:00
1248,92,B006,rating,2026-02-04T13:00:00
1249,92,B008,rating,2026-01-04T15:00:00
1250,92,B010,rating,2025-08-01T09:00:00
1251,92,B014,rating,2025-05-13T05:00:00
1252,93,B008,rating,2025-09-22T10:00:00
1253,93,B006,rating,2025-10-01T04:00:00
1254,93,B002,rating,2025-04-17T22:00:00
1255,93,B001,rating,2025-04-24T03:00:00
1256,93,B018,rating,2025-04-15T17:00:00
1257,93,B009,rating,2025-07-30T11:00:00
1258,93,B004,rating,2026-06-03T15:00:00
1259,93,B016,rating,2025-12-09T04:00:00
1260,93,B018,rating,2026-03-02T00:00:00
1261,93,B001,rating,2026-06-02T05:00:00
1262,93,B002,rating,2026-03-01T11:00:00
1263,93,B011,rating,2026-03-08T07:00:00
1264,93,B012,rating,2026-02-24T14:00:00
1265,93,B003,rating,2026-01-06T00:00:00
1266,93,B006,rating,2026-06-14T02:00:00
1267,94,B011,rating,2025-10-30T13:00:00
1268,94,B010,rating,2025-11-18T11:00:00
1269,94,B001,rating,2025-05-31T22:00:00
1270,94,B019,rating,2026-03-29T22:00:00
1271,94,B004,rating,2025-11-05T02:00:00
1272,94,B014,rating,2025-05-10T16:00:00
1273,94,B020,rating,2025-04-06T16:00:00
1274,94,B020,rating,2025-06-13T00:00:00
1275,94,B019,rating,2026-03-09T16:00:00
1276,94,B019,rating,2025-09-23T20:00:00
1277,95,B006,rating,2025-05-24T22:00:00
1278,95,B016,rating,2025-07-17T11:00:00
1279,95,B007,rating,2026-02-26T02:00:00
1280,95,B020,rating,2026-05-03T06:00:00
1281,95,B016,rating,2026-02-17T18:00:00
1282,95,B020,rating,2025-09-28T18:00:00
1283,95,B011,rating,2026-05-17T23:00:00
1284,95,B017,rating,2025-05-28T16:00:00
1285,95,B013,rating,2025-05-01T22:00:00
1286,95,B010,rating,2026-01-14T03:00:00
1287,95,B012,rating,2025-05-04T11:00:00
1288,95,B006,rating,2025-05-01T11:00:00
1289,95,B006,rating,2026-05-13T00:00:00
1290,95,B016,rating,2026-03-08T01:00:00
1291,95,B015,rating,2025-10-18T06:00:00
1292,96,B002,rating,2026-04-05T04:00:00
1293,96,B002,rating,2026-02-24T12:00:00
1294,96,B010,rating,2025-02-16T21:00:00
1295,96,B005,rating,2025-04-01T05:00:00
1296,96,B009,rating,2025-11-13T17:00:00
1297,96,B006,rating,2025-03-29T06:00:00
1298,96,B007,rating,2025-02-24T18:00:00
1299,96,B016,rating,2025-01-20T03:00:00
1300,96,B016,rating,2025-01-20T08:00:00
1301,96,B004,rating,2026-03-31T02:00:00
1302,96,B004,rating,2026-02-16T18:00:00
1303,96,B013,rating,2025-07-04T13:00:00
1304,96,B014,rating,2025-04-04T03:00:00
1305,97,B002,rating,2026-02-27T10:00:00
1306,97,B006,rating,2025-08-31T15:00:00
1307,97,B002,rating,2025-10-03T01:00:00
1308,97,B008,rating,2026-02-22T20:00:00
1309,97,B011,rating,2025-04-14T07:00:00
1310,97,B003,rating,2025-05-09T09:00:00
1311,97,B015,rating,2026-05-28T06:00:00
1312,97,B008,rating,2025-06-22T07:00:00
1313,97,B001,rating,2026-04-08T01:00:00
1314,97,B002,rating,2025-10-24T20:00:00
1315,97,B011,rating,2025-10-07T19:00:00
1316,97,B008,rating,2025-08-06T18:00:00
1317,98,B015,rating,2025-11-22T21:00:00
1318,98,B011,rating,2026-04-09T08:00:00
1319,98,B007,rating,2026-04-16T19:00:00
1320,98,B009,rating,2025-01-03T19:00:00
1321,98,B004,rating,2026-02-28T17:00:00
1322,98,B005,rating,2026-02-07T17:00:00
1323,98,B010,rating,2026-04-01T21:00:00
1324,98,B007,rating,2026-01-02T12:00:00
1325,98,B010,rating,2025-07-17T14:00:00
1326,98,B012,rating,2026-01-02T06:00:00
1327,99,B005,rating,2026-05-28T15:00:00
1328,99,B014,rating,2025-06-29T02:00:00
1329,99,B010,rating,2025-05-11T08:00:00
1330,99,B007,rating,2026-06-20T23:00:00
1331,99,B020,rating,2025-09-16T21:00:00
1332,99,B018,rating,2026-03-14T20:00:00
1333,99,B004,rating,2025-11-27T13:00:00
1334,99,B004,rating,2025-05-05T21:00:00
1335,99,B018,rating,2025-02-14T23:00:00
1336,99,B011,rating,2026-04-05T10:00:00
1337,99,B020,rating,2025-01-26T23:00:00
1338,100,B003,rating,2026-04-30T07:00:00
1339,100,B006,rating,2025-12-08T16:00:00
1340,100,B001,rating,2026-03-26T03:00:00
1341,100,B013,rating,2025-03-29T01:00:00
1342,100,B001,rating,2025-03-08T04:00:00
1343,100,B006,rating,2026-03-19T02:00:00
1344,100,B001,rating,2025-10-29T12:00:00
1345,100,B016,rating,2025-01-11T14:00:00
1346,100,B018,rating,2025-04-14T10:00:00
1347,100,B016,rating,2025-01-27T14:00:00
1348,100,B004,rating,2025-03-11T18:00:00
1349,101,B012,rating,2026-01-02T09:00:00
1350,101,B007,rating,2025-05-30T04:00:00
1351,101,B008,rating,2025-01-09T16:00:00
1352,101,B014,rating,2025-02-28T07:00:00
1353,101,B008,rating,2025-07-20T06:00:00
1354,101,B006,rating,2025-12-16T06:00:00
1355,101,B016,rating,2026-04-24T19:00:00
1356,101,B002,rating,2025-12-10T19:00:00
1357,101,B008,rating,2025-02-13T15:00:00
1358,101,B008,rating,2025-08-24T14:00:00
1359,102,B007,rating,2025-06-28T07:00:00
1360,102,B006,rating,2025-12-14T17:00:00
1361,102,B020,rating,2025-04-14T00:00:00
1362,102,B008,rating,2025-12-13T06:00:00
1363,102,B003,rating,2026-01-17T21:00:00
1364,102,B001,rating,2025-03-08T03:00:00
1365,102,B004,rating,2025-07-16T17:00:00
1366,102,B007,rating,2026-03-16T20:00:00
1367,102,B007,rating,2025-07-13T17:00:00
1368,102,B011,rating,2025-02-24T20:00:00
1369,102,B015,rating,2026-06-05T18:00:00
1370,102,B002,rating,2026-04-27T21:00:00
1371,102,B001,rating,2026-06-06T11:00:00
1372,102,B007,rating,2026-06-23T22:00:00
1373,103,B011,rating,2025-12-27T07:00:00
1374,103,B020,rating,2025-12-11T13:00:00
1375,103,B014,rating,2026-05-25T10:00:00
1376,103,B002,rating,2025-09-29T20:00:00
1377,103,B004,rating,2026-05-29T16:00:00
1378,103,B004,rating,2025-08-22T03:00:00
1379,103,B020,rating,2025-12-08T06:00:00
1380,103,B011,rating,2025-10-09T06:00:00
1381,103,B008,rating,2025-09-25T00:00:00
1382,103,B020,rating,2025-12-21T12:00:00
1383,103,B014,rating,2025-01-13T15:00:00
1384,103,B020,rating,2025-06-02T12:00:00
1385,103,B010,rating,2026-06-13T18:00:00
1386,103,B014,rating,2026-04-18T10:00:00
1387,103,B002,rating,2025-07-12T13:00:00
1388,103,B002,rating,2025-08-03T14:00:00
1389,103,B013,rating,2025-05-12T09:00:00
1390,104,B006,rating,2026-02-05T12:00:00
1391,104,B009,rating,2025-07-12T15:00:00
1392,104,B015,rating,2025-11-08T02:00:00
1393,104,B015,rating,2026-05-16T00:00:00
1394,104,B013,rating,2026-01-31T09:00:00
1395,104,B008,rating,2025-03-13T14:00:00
1396,104,B011,rating,2026-02-05T05:00:00
1397,104,B010,rating,2026-05-05T23:00:00
1398,104,B001,rating,2025-11-14T13:00:00
1399,104,B004,rating,2025-06-12T19:00:00
1400,104,B020,rating,2025-07-27T16:00:00
1401,104,B020,rating,2025-07-26T00:00:00
1402,104,B010,rating,2026-02-13T19:00:00
1403,105,B017,rating,2025-07-07T22:00:00
1404,105,B007,rating,2025-02-14T07:00:00
1405,105,B011,rating,2025-10-26T21:00:00
1406,105,B016,rating,2025-08-11T15:00:00
1407,105,B006,rating,2025-03-20T03:00:00
1408,105,B017,rating,2025-06-18T08:00:00
1409,105,B007,rating,2025-03-16T20:00:00
1410,105,B015,rating,2026-01-26T10:00:00
1411,105,B015,rating,2026-02-11T01:00:00
1412,105,B006,rating,2025-05-20T10:00:00
1413,105,B012,rating,2026-04-18T02:00:00
1414,105,B016,rating,2026-03-25T04:00:00
1415,105,B002,rating,2025-06-24T00:00:00
1416,105,B004,rating,2026-02-05T05:00:00
1417,105,B017,rating,2025-06-07T14:00:00
1418,105,B016,rating,2025-08-10T14:00:00
1419,105,B007,rating,2026-06-20T20:00:00
1420,106,B006,rating,2025-04-04T00:00:00
1421,106,B004,rating,2025-07-16T21:00:00
1422,106,B002,rating,2025-06-21T23:00:00
1423,106,B001,rating,2025-12-01T10:00:00
1424,106,B015,rating,2026-02-09T13:00:00
1425,106,B015,rating,2025-06-27T00:00:00
1426,106,B019,rating,2026-04-15T07:00:00
1427,106,B005,rating,2026-01-13T01:00:00
1428,106,B003,rating,2026-05-27T03:00:00
1429,107,B006,rating,2026-01-27T16:00:00
1430,107,B019,rating,2025-01-14T07:00:00
1431,107,B012,rating,2026-03-15T07:00:00
1432,107,B020,rating,2026-05-26T09:00:00
1433,107,B015,rating,2025-09-01T23:00:00
1434,107,B014,rating,2025-12-03T04:00:00
1435,107,B020,rating,2026-03-01T20:00:00
1436,107,B015,rating,2025-08-23T23:00:00
1437,107,B007,rating,2025-09-12T21:00:00
1438,107,B013,rating,2026-06-18T10:00:00
1439,107,B017,rating,2025-03-13T06:00:00
1440,107,B007,rating,2025-05-09T02:00:00
1441,107,B016,rating,2026-03-13T23:00:00
1442,107,B010,rating,2025-09-08T13:00:00
1443,107,B007,rating,2026-04-05T20:00:00
1444,107,B012,rating,2026-02-12T12:00:00
1445,107,B011,rating,2026-03-20T04:00:00
1446,108,B017,rating,2026-01-25T14:00:00
1447,108,B011,rating,2026-05-08T02:00:00
1448,108,B002,rating,2025-01-05T00:00:00
1449,108,B018,rating,2026-01-19T15:00:00
1450,108,B008,rating,2026-01-18T12:00:00
1451,108,B013,rating,2025-02-09T03:00:00
1452,108,B014,rating,2025-09-19T23:00:00
1453,108,B005,rating,2026-01-13T22:00:00
1454,109,B004,rating,2025-06-15T00:00:00
1455,109,B001,rating,2026-01-29T12:00:00
1456,109,B015,rating,2025-03-24T16:00:00
1457,109,B013,rating,2025-06-19T13:00:00
1458,109,B013,rating,2026-01-27T18:00:00
1459,109,B013,rating,2025-04-02T03:00:00
1460,109,B013,rating,2025-12-19T04:00:00
1461,109,B004,rating,2026-02-12T22:00:00
1462,109,B009,rating,2025-01-02T03:00:00
1463,109,B013,rating,2025-10-23T23:00:00
1464,109,B004,rating,2025-05-18T06:00:00
1465,110,B005,rating,2025-10-28T02:00:00
1466,110,B002,rating,2025-08-29T15:00:00
1467,110,B005,rating,2025-01-08T21:00:00
1468,110,B015,rating,2025-04-10T06:00:00
1469,110,B007,rating,2026-06-17T08:00:00
1470,110,B018,rating,2025-12-12T19:00:00
1471,110,B010,rating,2025-12-18T10:00:00
1472,110,B012,rating,2026-02-13T12:00:00
1473,110,B011,rating,2025-12-05T03:00:00
1474,110,B017,rating,2025-05-23T00:00:00
1475,110,B004,rating,2025-10-14T22:00:00
1476,111,B017,rating,2025-12-23T13:00:00
1477,111,B020,rating,2026-05-03T21:00:00
1478,111,B014,rating,2026-01-30T09:00:00
1479,111,B016,rating,2026-06-17T18:00:00
1480,111,B001,rating,2025-02-02T04:00:00
1481,111,B015,rating,2026-04-24T05:00:00
1482,111,B020,rating,2026-05-09T21:00:00
1483,111,B008,rating,2025-04-19T13:00:00
1484,111,B015,rating,2026-01-28T08:00:00
1485,111,B020,rating,2025-05-07T21:00:00
1486,111,B020,rating,2025-08-18T18:00:00
1487,111,B018,rating,2025-12-18T12:00:00
1488,111,B017,rating,2026-01-26T20:00:00
1489,111,B005,rating,2026-03-24T07:00:00
1490,111,B014,rating,2025-04-25T02:00:00
1491,111,B018,rating,2025-04-29T18:00:00
1492,111,B018,rating,2025-01-02T09:00:00
1493,112,B005,rating,2026-04-12T04:00:00
1494,112,B005,rating,2025-11-24T09:00:00
1495,112,B013,rating,2026-05-05T20:00:00
1496,112,B016,rating,2026-01-21T01:00:00
1497,112,B009,rating,2025-08-04T23:00:00
1498,112,B011,rating,2025-07-03T15:00:00
1499,112,B005,rating,2025-06-13T00:00:00
1500,112,B006,rating,2026-04-30T11:00:00
1501,112,B009,rating,2026-06-25T23:00:00
1502,112,B008,rating,2026-02-08T03:00:00
1503,112,B004,rating,2025-11-08T14:00:00
1504,112,B019,rating,2026-03-29T22:00:00
1505,112,B017,rating,2025-01-10T11:00:00
1506,112,B008,rating,2025-06-01T12:00:00
1507,113,B019,rating,2026-02-18T07:00:00
1508,113,B003,rating,2025-11-06T22:00:00
1509,113,B020,rating,2025-04-02T14:00:00
1510,113,B005,rating,2025-10-09T20:00:00
1511,113,B002,rating,2025-05-03T03:00:00
1512,113,B020,rating,2026-06-06T07:00:00
1513,113,B012,rating,2025-04-07T18:00:00
1514,113,B012,rating,2026-03-21T09:00:00
1515,113,B020,rating,2025-07-09T12:00:00
1516,113,B012,rating,2026-05-16T02:00:00
1517,114,B020,rating,2025-09-20T01:00:00
1518,114,B019,rating,2026-01-08T17:00:00
1519,114,B005,rating,2026-06-16T09:00:00
1520,114,B015,rating,2026-05-18T22:00:00
1521,114,B005,rating,2026-06-07T06:00:00
1522,114,B014,rating,2025-02-15T07:00:00
1523,114,B019,rating,2025-08-09T04:00:00
1524,114,B003,rating,2025-10-12T04:00:00
1525,114,B004,rating,2025-09-19T08:00:00
1526,114,B005,rating,2025-03-27T08:00:00
1527,114,B004,rating,2025-05-27T17:00:00
1528,115,B003,rating,2025-12-08T08:00:00
1529,115,B006,rating,2025-04-11T12:00:00
1530,115,B014,rating,2025-05-07T05:00:00
1531,115,B016,rating,2026-05-17T03:00:00
1532,115,B012,rating,2025-04-12T01:00:00
1533,115,B006,rating,2026-02-17T15:00:00
1534,115,B001,rating,2026-06-10T22:00:00
1535,115,B020,rating,2025-10-01T01:00:00
1536,115,B006,rating,2026-01-15T22:00:00
1537,115,B001,rating,2026-03-05T22:00:00
1538,115,B012,rating,2026-04-25T16:00:00
1539,115,B001,rating,2025-08-23T09:00:00
1540,115,B001,rating,2026-02-21T10:00:00
1541,115,B001,rating,2025-03-20T23:00:00
1542,115,B010,rating,2025-03-28T23:00:00
1543,115,B001,rating,2025-01-11T13:00:00
1544,115,B013,rating,2025-05-20T15:00:00
1545,115,B006,rating,2025-07-14T23:00:00
1546,116,B004,rating,2025-03-18T11:00:00
1547,116,B013,rating,2025-02-22T13:00:00
1548,116,B019,rating,2025-04-26T10:00:00
1549,116,B016,rating,2025-05-01T09:00:00
1550,116,B017,rating,2025-01-03T23:00:00
1551,116,B011,rating,2025-11-09T20:00:00
1552,116,B013,rating,2026-05-15T01:00:00
1553,116,B013,rating,2025-12-29T03:00:00
1554,116,B020,rating,2025-01-10T03:00:00
1555,116,B013,rating,2025-06-07T13:00:00
1556,116,B017,rating,2025-08-20T15:00:00
1557,116,B011,rating,2025-07-06T17:00:00
1558,116,B004,rating,2026-03-26T05:00:00
1559,117,B003,rating,2025-09-30T03:00:00
1560,117,B002,rating,2025-05-11T10:00:00
1561,117,B011,rating,2026-02-14T16:00:00
1562,117,B018,rating,2026-02-03T04:00:00
1563,117,B020,rating,2025-05-10T04:00:00
1564,117,B002,rating,2025-08-31T01:00:00
1565,117,B004,rating,2025-01-09T13:00:00
1566,117,B014,rating,2026-03-16T07:00:00
1567,117,B016,rating,2025-07-11T07:00:00
1568,118,B014,rating,2025-05-04T04:00:00
1569,118,B010,rating,2025-05-30T13:00:00
1570,118,B010,rating,2026-01-25T13:00:00
1571,118,B015,rating,2026-05-06T01:00:00
1572,118,B004,rating,2025-10-03T11:00:00
1573,118,B015,rating,2025-09-10T10:00:00
1574,118,B012,rating,2025-02-23T21:00:00
1575,118,B007,rating,2025-10-14T19:00:00
1576,118,B016,rating,2026-05-19T11:00:00
1577,118,B013,rating,2025-05-14T10:00:00
1578,118,B005,rating,2026-01-16T07:00:00
1579,119,B020,rating,2025-04-12T02:00:00
1580,119,B002,rating,2025-11-05T23:00:00
1581,119,B018,rating,2025-06-07T01:00:00
1582,119,B002,rating,2025-09-16T17:00:00
1583,119,B014,rating,2026-04-05T20:00:00
1584,119,B020,rating,2025-03-11T15:00:00
1585,119,B016,rating,2025-05-13T09:00:00
1586,119,B003,rating,2025-07-14T23:00:00
1587,119,B018,rating,2026-06-10T02:00:00
1588,120,B006,rating,2025-05-02T05:00:00
1589,120,B005,rating,2025-06-01T08:00:00
1590,120,B002,rating,2025-02-22T20:00:00
1591,120,B002,rating,2025-08-04T17:00:00
1592,120,B003,rating,2026-01-13T10:00:00
1593,120,B015,rating,2026-02-23T19:00:00
1594,120,B017,rating,2025-01-11T11:00:00
1595,120,B016,rating,2025-04-19T23:00:00
1596,120,B007,rating,2025-09-21T20:00:00
1597,120,B015,rating,2026-03-29T07:00:00
1598,120,B009,rating,2026-02-09T04:00:00
1599,120,B006,rating,2026-05-06T02:00:00
1600,120,B004,rating,2025-07-13T18:00:00
1601,120,B015,rating,2025-01-22T09:00:00
1602,121,B011,rating,2025-03-27T08:00:00
1603,121,B002,rating,2025-01-10T03:00:00
1604,121,B002,rating,2025-03-29T06:00:00
1605,121,B006,rating,2025-11-11T10:00:00
1606,121,B018,rating,2025-05-07T00:00:00
1607,121,B020,rating,2025-04-16T16:00:00
1608,121,B003,rating,2025-01-02T07:00:00
1609,121,B009,rating,2025-12-28T20:00:00
1610,121,B014,rating,2025-04-26T15:00:00
1611,121,B016,rating,2026-01-01T02:00:00
1612,121,B011,rating,2025-02-14T19:00:00
1613,121,B008,rating,2025-07-05T21:00:00
1614,121,B001,rating,2025-10-21T11:00:00
1615,121,B016,rating,2026-05-27T21:00:00
1616,121,B015,rating,2025-03-20T00:00:00
1617,121,B012,rating,2025-05-31T10:00:00
1618,121,B002,rating,2026-05-05T02:00:00
1619,121,B006,rating,2025-10-13T04:00:00
1620,122,B007,rating,2025-08-24T12:00:00
1621,122,B010,rating,2025-08-13T22:00:00
1622,122,B015,rating,2026-01-07T17:00:00
1623,122,B010,rating,2025-03-03T11:00:00
1624,122,B015,rating,2025-05-28T17:00:00
1625,122,B007,rating,2025-09-06T06:00:00
1626,122,B015,rating,2025-05-01T22:00:00
1627,122,B013,rating,2025-01-27T22:00:00
1628,122,B007,rating,2025-04-19T21:00:00
1629,122,B010,rating,2025-06-11T00:00:00
1630,122,B010,rating,2025-01-13T18:00:00
1631,122,B010,rating,2025-07-06T15:00:00
1632,122,B010,rating,2025-11-03T15:00:00
1633,123,B018,rating,2025-04-05T16:00:00
1634,123,B007,rating,2026-02-15T19:00:00
1635,123,B002,rating,2025-03-21T22:00:00
1636,123,B020,rating,2026-02-19T12:00:00
1637,123,B002,rating,2025-07-19T08:00:00
1638,123,B018,rating,2025-12-10T00:00:00
1639,123,B014,rating,2025-03-08T06:00:00
1640,123,B001,rating,2025-11-13T06:00:00
1641,123,B018,rating,2025-02-03T07:00:00
1642,123,B017,rating,2026-05-11T01:00:00
1643,123,B020,rating,2025-01-09T11:00:00
1644,123,B014,rating,2026-05-28T06:00:00
1645,123,B018,rating,2025-05-13T22:00:00
1646,123,B020,rating,2026-05-31T03:00:00
1647,123,B014,rating,2026-05-04T18:00:00
1648,123,B018,rating,2025-06-05T21:00:00
1649,123,B012,rating,2025-08-26T06:00:00
1650,123,B002,rating,2025-06-14T16:00:00
1651,124,B009,rating,2025-06-06T18:00:00
1652,124,B009,rating,2025-01-16T04:00:00
1653,124,B017,rating,2025-03-31T15:00:00
1654,124,B009,rating,2025-06-15T02:00:00
1655,124,B018,rating,2025-03-14T05:00:00
1656,124,B015,rating,2026-04-30T08:00:00
1657,124,B009,rating,2025-05-24T03:00:00
1658,124,B006,rating,2026-01-08T09:00:00
1659,124,B011,rating,2026-06-09T19:00:00
1660,124,B002,rating,2026-02-28T16:00:00
1661,125,B001,rating,2025-04-21T12:00:00
1662,125,B016,rating,2025-03-08T10:00:00
1663,125,B015,rating,2025-04-28T08:00:00
1664,125,B010,rating,2025-05-30T20:00:00
1665,125,B001,rating,2026-01-25T01:00:00
1666,125,B001,rating,2026-03-17T15:00:00
1667,125,B006,rating,2026-03-10T08:00:00
1668,125,B011,rating,2025-10-08T12:00:00
1669,125,B016,rating,2026-06-22T06:00:00
1670,125,B004,rating,2025-02-25T02:00:00
1671,125,B016,rating,2025-11-01T05:00:00
1672,125,B014,rating,2025-06-14T22:00:00
1673,125,B006,rating,2025-07-23T02:00:00
1674,125,B007,rating,2025-05-29T10:00:00
1675,125,B010,rating,2025-11-21T00:00:00
1676,125,B016,rating,2026-05-27T10:00:00
1677,125,B001,rating,2025-01-04T14:00:00
1678,125,B002,rating,2026-04-06T20:00:00
1679,126,B007,rating,2025-11-11T16:00:00
1680,126,B010,rating,2026-04-12T13:00:00
1681,126,B003,rating,2026-03-13T16:00:00
1682,126,B006,rating,2025-06-30T14:00:00
1683,126,B005,rating,2025-06-16T17:00:00
1684,126,B019,rating,2026-03-24T20:00:00
1685,126,B020,rating,2025-04-17T02:00:00
1686,126,B010,rating,2026-02-26T03:00:00
1687,126,B001,rating,2026-05-31T18:00:00
1688,126,B016,rating,2026-03-07T06:00:00
1689,126,B001,rating,2025-04-28T06:00:00
1690,127,B019,rating,2026-03-01T21:00:00
1691,127,B018,rating,2025-06-07T11:00:00
1692,127,B010,rating,2025-11-22T10:00:00
1693,127,B015,rating,2025-07-17T19:00:00
1694,127,B015,rating,2026-03-16T04:00:00
1695,127,B015,rating,2025-06-27T12:00:00
1696,127,B001,rating,2026-03-24T07:00:00
1697,127,B008,rating,2026-02-06T20:00:00
1698,127,B007,rating,2025-06-12T10:00:00
1699,127,B007,rating,2025-06-06T00:00:00
1700,127,B017,rating,2025-03-22T18:00:00
1701,127,B007,rating,2026-01-02T05:00:00
1702,127,B015,rating,2025-09-09T23:00:00
1703,128,B016,rating,2025-04-06T02:00:00
1704,128,B007,rating,2025-08-01T12:00:00
1705,128,B019,rating,2026-05-14T20:00:00
1706,128,B016,rating,2025-11-18T20:00:00
1707,128,B016,rating,2025-07-04T09:00:00
1708,128,B014,rating,2025-02-02T03:00:00
1709,128,B003,rating,2026-05-11T19:00:00
1710,128,B012,rating,2025-09-18T03:00:00
1711,128,B015,rating,2026-06-15T16:00:00
1712,128,B003,rating,2025-04-28T06:00:00
1713,128,B007,rating,2025-10-02T08:00:00
1714,128,B018,rating,2025-10-29T14:00:00
1715,129,B019,rating,2025-10-06T10:00:00
1716,129,B018,rating,2026-03-16T06:00:00
1717,129,B004,rating,2025-03-07T14:00:00
1718,129,B004,rating,2025-09-17T18:00:00
1719,129,B016,rating,2025-04-28T05:00:00
1720,129,B013,rating,2025-07-10T11:00:00
1721,129,B019,rating,2026-01-16T04:00:00
1722,129,B003,rating,2025-01-12T22:00:00
1723,129,B015,rating,2025-11-26T07:00:00
1724,129,B013,rating,2025-08-06T16:00:00
1725,129,B004,rating,2025-03-18T18:00:00
1726,129,B004,rating,2026-03-22T10:00:00
1727,129,B013,rating,2026-05-21T15:00:00
1728,129,B009,rating,2025-05-08T14:00:00
1729,129,B009,rating,2025-08-31T18:00:00
1730,129,B013,rating,2025-01-05T14:00:00
1731,130,B001,rating,2025-05-05T11:00:00
1732,130,B012,rating,2025-02-18T00:00:00
1733,130,B002,rating,2026-03-23T07:00:00
1734,130,B003,rating,2026-01-13T17:00:00
1735,130,B016,rating,2025-02-23T08:00:00
1736,130,B014,rating,2025-11-08T02:00:00
1737,130,B007,rating,2025-06-24T04:00:00
1738,130,B015,rating,2025-06-01T18:00:00
1739,130,B010,rating,2026-02-28T20:00:00
1740,130,B011,rating,2025-09-04T18:00:00
1741,130,B008,rating,2025-11-26T23:00:00
1742,130,B011,rating,2025-10-31T22:00:00
1743,130,B010,rating,2025-07-30T22:00:00
1744,130,B013,rating,2025-08-10T14:00:00
1745,130,B011,rating,2025-12-15T06:00:00
1746,130,B017,rating,2026-06-11T10:00:00
1747,131,B016,rating,2025-04-15T04:00:00
1748,131,B019,rating,2025-09-04T00:00:00
1749,131,B002,rating,2026-05-03T21:00:00
1750,131,B002,rating,2025-03-28T11:00:00
1751,131,B020,rating,2026-03-18T16:00:00
1752,131,B010,rating,2025-04-11T01:00:00
1753,131,B013,rating,2026-03-09T06:00:00
1754,131,B015,rating,2026-05-21T16:00:00
1755,131,B004,rating,2025-04-24T07:00:00
1756,131,B011,rating,2025-09-02T02:00:00
1757,131,B002,rating,2026-02-19T12:00:00
1758,131,B012,rating,2025-10-02T15:00:00
1759,131,B017,rating,2025-10-22T22:00:00
1760,131,B020,rating,2025-04-07T05:00:00
1761,131,B014,rating,2025-09-02T05:00:00
1762,132,B004,rating,2025-01-18T18:00:00
1763,132,B001,rating,2025-08-22T16:00:00
1764,132,B008,rating,2025-04-13T09:00:00
1765,132,B005,rating,2026-05-18T23:00:00
1766,132,B005,rating,2025-09-17T11:00:00
1767,132,B005,rating,2025-12-08T16:00:00
1768,132,B002,rating,2026-05-11T03:00:00
1769,132,B013,rating,2025-08-14T21:00:00
1770,132,B017,rating,2025-02-01T07:00:00
1771,132,B011,rating,2026-03-18T11:00:00
1772,132,B020,rating,2025-04-21T08:00:00
1773,132,B010,rating,2026-04-06T16:00:00
1774,132,B008,rating,2026-02-05T18:00:00
1775,132,B005,rating,2025-02-12T18:00:00
1776,132,B003,rating,2025-05-06T13:00:00
1777,133,B007,rating,2025-02-11T06:00:00
1778,133,B020,rating,2025-01-06T13:00:00
1779,133,B012,rating,2025-12-25T09:00:00
1780,133,B013,rating,2025-06-08T02:00:00
1781,133,B012,rating,2026-03-19T18:00:00
1782,133,B004,rating,2025-02-02T15:00:00
1783,133,B020,rating,2026-03-09T12:00:00
1784,133,B012,rating,2025-11-06T19:00:00
1785,133,B012,rating,2025-11-27T18:00:00
1786,133,B008,rating,2026-03-03T17:00:00
1787,133,B007,rating,2026-04-18T17:00:00
1788,133,B016,rating,2026-03-29T22:00:00
1789,133,B001,rating,2026-03-14T14:00:00
1790,134,B001,rating,2026-06-15T14:00:00
1791,134,B019,rating,2025-04-20T10:00:00
1792,134,B003,rating,2026-05-09T22:00:00
1793,134,B004,rating,2026-06-08T23:00:00
1794,134,B019,rating,2026-06-13T04:00:00
1795,134,B019,rating,2025-05-20T07:00:00
1796,134,B014,rating,2025-06-08T09:00:00
1797,134,B009,rating,2025-01-07T15:00:00
1798,134,B015,rating,2025-01-01T04:00:00
1799,134,B019,rating,2025-09-11T06:00:00
1800,134,B019,rating,2026-03-31T12:00:00
1801,134,B002,rating,2026-05-11T05:00:00
1802,134,B019,rating,2025-09-24T19:00:00
1803,134,B004,rating,2025-05-07T13:00:00
1804,134,B017,rating,2025-06-24T16:00:00
1805,134,B012,rating,2026-05-03T15:00:00
1806,135,B006,rating,2025-12-30T04:00:00
1807,135,B005,rating,2025-06-12T11:00:00
1808,135,B006,rating,2026-06-22T12:00:00
1809,135,B016,rating,2025-12-27T20:00:00
1810,135,B007,rating,2025-05-24T08:00:00
1811,135,B016,rating,2026-02-08T02:00:00
1812,135,B001,rating,2026-01-21T15:00:00
1813,135,B006,rating,2026-06-23T08:00:00
1814,135,B001,rating,2025-12-23T18:00:00
1815,135,B006,rating,2025-02-16T00:00:00
1816,135,B011,rating,2025-04-19T15:00:00
1817,135,B001,rating,2025-08-26T23:00:00
1818,135,B013,rating,2026-01-29T13:00:00
1819,135,B014,rating,2025-04-28T01:00:00
1820,135,B007,rating,2025-01-31T05:00:00
1821,136,B013,rating,2025-03-15T10:00:00
1822,136,B004,rating,2026-05-01T16:00:00
1823,136,B004,rating,2026-03-26T13:00:00
1824,136,B009,rating,2025-03-22T04:00:00
1825,136,B005,rating,2025-05-01T15:00:00
1826,136,B004,rating,2025-09-15T12:00:00
1827,136,B004,rating,2025-10-22T02:00:00
1828,136,B015,rating,2026-05-28T09:00:00
1829,136,B015,rating,2025-04-24T18:00:00
1830,136,B004,rating,2025-02-03T10:00:00
1831,136,B013,rating,2025-03-02T04:00:00
1832,136,B013,rating,2025-03-05T07:00:00
1833,136,B013,rating,2025-03-14T13:00:00
1834,136,B004,rating,2025-03-24T17:00:00
1835,136,B015,rating,2025-02-12T03:00:00
1836,136,B018,rating,2026-03-18T15:00:00
1837,136,B007,rating,2025-01-27T06:00:00
1838,136,B008,rating,2025-01-19T17:00:00
1839,137,B012,rating,2025-08-26T02:00:00
1840,137,B012,rating,2025-02-16T00:00:00
1841,137,B002,rating,2025-03-20T01:00:00
1842,137,B012,rating,2025-11-18T11:00:00
1843,137,B020,rating,2025-10-27T04:00:00
1844,137,B020,rating,2025-05-06T21:00:00
1845,137,B010,rating,2025-07-30T15:00:00
1846,137,B003,rating,2025-08-14T14:00:00
1847,137,B012,rating,2025-10-27T20:00:00
1848,137,B002,rating,2026-05-31T03:00:00
1849,138,B010,rating,2025-10-04T08:00:00
1850,138,B003,rating,2025-03-28T01:00:00
1851,138,B018,rating,2026-01-27T12:00:00
1852,138,B015,rating,2026-03-18T17:00:00
1853,138,B010,rating,2025-01-27T19:00:00
1854,138,B007,rating,2025-09-26T18:00:00
1855,138,B010,rating,2026-03-21T13:00:00
1856,138,B004,rating,2025-02-28T03:00:00
1857,138,B015,rating,2025-10-22T17:00:00
1858,138,B015,rating,2026-04-24T23:00:00
1859,138,B002,rating,2025-10-15T21:00:00
1860,138,B007,rating,2025-10-30T10:00:00
1861,138,B010,rating,2026-01-06T08:00:00
1862,138,B015,rating,2025-01-13T03:00:00
1863,138,B019,rating,2025-07-03T14:00:00
1864,138,B001,rating,2026-01-03T15:00:00
1865,138,B015,rating,2026-02-23T01:00:00
1866,139,B008,rating,2025-02-12T17:00:00
1867,139,B002,rating,2025-09-21T00:00:00
1868,139,B003,rating,2025-12-28T17:00:00
1869,139,B018,rating,2025-12-25T03:00:00
1870,139,B006,rating,2025-08-31T06:00:00
1871,139,B020,rating,2026-03-02T02:00:00
1872,139,B002,rating,2025-05-27T00:00:00
1873,139,B015,rating,2026-02-22T20:00:00
1874,139,B002,rating,2025-06-14T11:00:00
1875,139,B015,rating,2025-01-27T03:00:00
1876,139,B002,rating,2026-06-08T22:00:00
1877,139,B002,rating,2025-12-19T06:00:00
1878,139,B002,rating,2025-06-03T12:00:00
1879,139,B017,rating,2025-03-21T07:00:00
1880,139,B019,rating,2026-03-05T17:00:00
1881,139,B014,rating,2026-06-25T01:00:00
1882,140,B007,rating,2026-06-02T02:00:00
1883,140,B005,rating,2025-08-24T14:00:00
1884,140,B016,rating,2025-09-08T13:00:00
1885,140,B006,rating,2025-09-24T09:00:00
1886,140,B004,rating,2026-06-02T04:00:00
1887,140,B004,rating,2025-07-22T05:00:00
1888,140,B016,rating,2026-03-05T08:00:00
1889,140,B006,rating,2026-04-27T23:00:00
1890,140,B007,rating,2025-01-25T22:00:00
1891,140,B016,rating,2026-02-02T13:00:00
1892,140,B001,rating,2025-09-05T22:00:00
1893,140,B004,rating,2025-12-11T18:00:00
1894,140,B016,rating,2025-03-17T23:00:00
1895,140,B017,rating,2026-02-23T20:00:00
1896,140,B006,rating,2026-05-04T22:00:00
1897,140,B006,rating,2026-06-06T02:00:00
1898,141,B013,rating,2026-03-13T09:00:00
1899,141,B008,rating,2025-05-27T01:00:00
1900,141,B008,rating,2025-08-04T13:00:00
1901,141,B005,rating,2025-06-19T03:00:00
1902,141,B014,rating,2025-06-23T09:00:00
1903,141,B007,rating,2025-04-19T07:00:00
1904,141,B015,rating,2026-06-05T05:00:00
1905,141,B006,rating,2025-07-19T00:00:00
1906,141,B008,rating,2025-10-16T18:00:00
1907,141,B002,rating,2026-04-10T09:00:00
1908,141,B009,rating,2025-05-03T14:00:00
1909,141,B009,rating,2025-03-30T04:00:00
1910,141,B009,rating,2025-04-30T11:00:00
1911,142,B015,rating,2026-06-18T10:00:00
1912,142,B007,rating,2025-01-09T07:00:00
1913,142,B010,rating,2025-08-14T21:00:00
1914,142,B007,rating,2026-05-24T09:00:00
1915,142,B013,rating,2025-08-08T00:00:00
1916,142,B010,rating,2025-08-02T22:00:00
1917,142,B015,rating,2026-01-25T20:00:00
1918,142,B015,rating,2026-05-11T16:00:00
1919,142,B007,rating,2025-08-26T09:00:00
1920,142,B018,rating,2026-02-06T19:00:00
1921,142,B010,rating,2025-08-13T03:00:00
1922,143,B012,rating,2026-05-16T19:00:00
1923,143,B013,rating,2026-06-04T06:00:00
1924,143,B005,rating,2025-03-04T17:00:00
1925,143,B012,rating,2025-11-22T13:00:00
1926,143,B003,rating,2025-09-24T01:00:00
1927,143,B020,rating,2025-02-16T09:00:00
1928,143,B016,rating,2025-06-20T17:00:00
1929,143,B009,rating,2025-12-04T04:00:00
1930,143,B011,rating,2026-01-24T02:00:00
1931,143,B002,rating,2025-12-28T17:00:00
1932,143,B020,rating,2026-01-06T17:00:00
1933,143,B019,rating,2026-02-10T22:00:00
1934,144,B009,rating,2025-09-11T01:00:00
1935,144,B010,rating,2026-01-22T20:00:00
1936,144,B006,rating,2025-03-20T02:00:00
1937,144,B001,rating,2025-06-05T03:00:00
1938,144,B017,rating,2025-07-18T19:00:00
1939,144,B015,rating,2026-03-12T16:00:00
1940,144,B009,rating,2026-04-15T06:00:00
1941,144,B009,rating,2026-03-16T02:00:00
1942,144,B015,rating,2026-05-10T09:00:00
1943,144,B002,rating,2025-09-08T12:00:00
1944,144,B007,rating,2026-01-17T17:00:00
1945,144,B001,rating,2025-01-26T12:00:00
1946,144,B012,rating,2026-05-04T18:00:00
1947,145,B020,rating,2026-02-21T00:00:00
1948,145,B001,rating,2026-05-16T17:00:00
1949,145,B002,rating,2026-05-10T16:00:00
1950,145,B016,rating,2025-03-25T03:00:00
1951,145,B008,rating,2025-01-14T05:00:00
1952,145,B004,rating,2025-04-27T01:00:00
1953,145,B001,rating,2026-06-22T15:00:00
1954,145,B012,rating,2025-10-31T03:00:00
1955,145,B008,rating,2025-10-05T16:00:00
1956,145,B016,rating,2025-06-19T04:00:00
1957,145,B011,rating,2026-01-16T16:00:00
1958,145,B004,rating,2025-08-04T10:00:00
1959,145,B016,rating,2025-05-19T05:00:00
1960,145,B005,rating,2025-07-03T04:00:00
1961,145,B006,rating,2025-07-12T06:00:00
1962,145,B006,rating,2025-12-05T03:00:00
1963,145,B001,rating,2025-03-10T11:00:00
1964,145,B006,rating,2025-12-20T20:00:00
1965,146,B011,rating,2026-01-28T10:00:00
1966,146,B004,rating,2025-10-11T23:00:00
1967,146,B011,rating,2026-04-30T06:00:00
1968,146,B006,rating,2025-04-04T19:00:00
1969,146,B003,rating,2025-01-01T10:00:00
1970,146,B009,rating,2026-03-12T21:00:00
1971,146,B012,rating,2025-05-01T07:00:00
1972,146,B002,rating,2026-01-30T22:00:00
1973,146,B003,rating,2025-11-21T16:00:00
1974,146,B014,rating,2025-10-12T22:00:00
1975,146,B003,rating,2026-05-17T22:00:00
1976,146,B003,rating,2026-03-22T20:00:00
1977,146,B003,rating,2026-04-23T21:00:00
1978,146,B016,rating,2025-07-15T12:00:00
1979,147,B007,rating,2025-02-01T22:00:00
1980,147,B011,rating,2026-04-11T15:00:00
1981,147,B007,rating,2025-06-06T22:00:00
1982,147,B018,rating,2025-05-15T02:00:00
1983,147,B018,rating,2025-11-18T03:00:00
1984,147,B010,rating,2025-07-18T20:00:00
1985,147,B001,rating,2025-06-23T18:00:00
1986,147,B007,rating,2025-01-15T21:00:00
1987,147,B013,rating,2025-06-01T23:00:00
1988,147,B013,rating,2025-10-10T19:00:00
1989,147,B009,rating,2025-11-15T08:00:00
1990,147,B020,rating,2025-03-30T18:00:00
1991,147,B015,rating,2025-07-06T23:00:00
1992,147,B007,rating,2025-01-21T05:00:00
1993,147,B002,rating,2026-04-17T02:00:00
1994,147,B011,rating,2025-11-12T21:00:00
1995,148,B017,rating,2025-10-30T08:00:00
1996,148,B017,rating,2026-05-17T11:00:00
1997,148,B008,rating,2026-06-20T14:00:00
1998,148,B010,rating,2025-06-24T01:00:00
1999,148,B007,rating,2025-06-09T17:00:00
2000,148,B007,rating,2026-03-21T11:00:00
2001,148,B014,rating,2025-10-23T06:00:00
2002,148,B010,rating,2025-09-22T06:00:00
2003,148,B017,rating,2026-06-14T21:00:00
2004,148,B007,rating,2026-04-24T18:00:00
2005,148,B005,rating,2025-02-04T10:00:00
2006,149,B004,rating,2025-01-23T14:00:00
2007,149,B010,rating,2026-03-22T23:00:00
2008,149,B006,rating,2026-01-18T19:00:00
2009,149,B018,rating,2025-08-28T16:00:00
2010,149,B004,rating,2026-02-15T18:00:00
2011,149,B007,rating,2026-06-21T06:00:00
2012,149,B004,rating,2025-05-23T04:00:00
2013,149,B012,rating,2025-02-25T02:00:00
2014,150,B010,rating,2025-04-13T15:00:00
2015,150,B011,rating,2026-04-29T21:00:00
2016,150,B012,rating,2025-04-09T12:00:00
2017,150,B005,rating,2025-12-01T09:00:00
2018,150,B005,rating,2026-03-11T19:00:00
2019,150,B008,rating,2025-01-28T07:00:00
2020,150,B005,rating,2026-01-13T11:00:00
2021,150,B017,rating,2026-02-12T02:00:00
2022,150,B011,rating,2025-02-15T06:00:00
2023,150,B014,rating,2025-07-04T13:00:00
2024,150,B004,rating,2026-05-08T01:00:00
2025,150,B011,rating,2026-06-14T03:00:00
2026,150,B015,rating,2025-04-14T20:00:00
2027,150,B001,rating,2025-01-13T05:00:00
2028,150,B004,rating,2025-01-12T15:00:00
2029,151,B018,rating,2026-01-28T21:00:00
2030,151,B007,rating,2025-09-22T06:00:00
2031,151,B006,rating,2026-04-21T09:00:00
2032,151,B015,rating,2025-02-21T19:00:00
2033,151,B014,rating,2025-12-12T21:00:00
2034,151,B018,rating,2025-07-03T09:00:00
2035,151,B013,rating,2025-11-01T20:00:00
2036,151,B010,rating,2025-02-07T17:00:00
2037,151,B014,rating,2025-04-07T04:00:00
2038,151,B009,rating,2026-03-18T08:00:00
2039,151,B014,rating,2025-09-07T23:00:00
2040,151,B010,rating,2025-02-11T02:00:00
2041,151,B018,rating,2026-01-27T16:00:00
2042,151,B020,rating,2026-03-09T12:00:00
2043,152,B017,rating,2025-02-20T11:00:00
2044,152,B007,rating,2025-10-09T23:00:00
2045,152,B003,rating,2025-02-16T19:00:00
2046,152,B005,rating,2025-10-07T00:00:00
2047,152,B005,rating,2025-05-13T08:00:00
2048,152,B005,rating,2025-01-19T22:00:00
2049,152,B009,rating,2026-04-17T18:00:00
2050,152,B017,rating,2026-05-03T17:00:00
2051,152,B005,rating,2026-04-01T04:00:00
2052,153,B010,rating,2026-03-02T00:00:00
2053,153,B010,rating,2026-05-18T07:00:00
2054,153,B012,rating,2025-05-07T03:00:00
2055,153,B012,rating,2025-10-24T05:00:00
2056,153,B002,rating,2026-02-15T17:00:00
2057,153,B012,rating,2025-10-13T10:00:00
2058,153,B020,rating,2025-11-22T16:00:00
2059,153,B002,rating,2026-05-22T14:00:00
2060,153,B014,rating,2026-02-14T09:00:00
2061,153,B012,rating,2025-06-26T21:00:00
2062,153,B008,rating,2026-03-05T13:00:00
2063,153,B015,rating,2025-05-22T19:00:00
2064,153,B011,rating,2026-02-23T00:00:00
2065,153,B012,rating,2025-04-04T11:00:00
2066,153,B004,rating,2025-07-17T05:00:00
2067,153,B012,rating,2025-11-27T04:00:00
2068,153,B012,rating,2026-04-16T07:00:00
2069,153,B012,rating,2025-09-05T05:00:00
2070,154,B019,rating,2026-02-21T16:00:00
2071,154,B019,rating,2025-03-14T13:00:00
2072,154,B019,rating,2025-05-04T22:00:00
2073,154,B019,rating,2025-01-25T14:00:00
2074,154,B006,rating,2026-02-12T23:00:00
2075,154,B018,rating,2026-06-08T20:00:00
2076,154,B002,rating,2025-05-08T03:00:00
2077,154,B018,rating,2025-04-25T23:00:00
2078,154,B017,rating,2025-05-26T07:00:00
2079,155,B013,rating,2025-06-01T16:00:00
2080,155,B001,rating,2026-01-07T22:00:00
2081,155,B017,rating,2025-11-09T15:00:00
2082,155,B008,rating,2025-06-08T23:00:00
2083,155,B004,rating,2025-10-27T12:00:00
2084,155,B005,rating,2025-11-07T04:00:00
2085,155,B006,rating,2026-06-05T23:00:00
2086,155,B007,rating,2026-05-04T19:00:00
2087,155,B016,rating,2025-06-09T18:00:00
2088,155,B015,rating,2026-01-19T12:00:00
2089,155,B011,rating,2025-06-23T16:00:00
2090,155,B012,rating,2025-01-15T21:00:00
2091,155,B016,rating,2025-11-13T06:00:00
2092,156,B013,rating,2025-08-22T23:00:00
2093,156,B006,rating,2025-04-12T10:00:00
2094,156,B009,rating,2025-03-23T01:00:00
2095,156,B018,rating,2025-09-08T07:00:00
2096,156,B018,rating,2025-02-11T19:00:00
2097,156,B016,rating,2025-03-07T04:00:00
2098,156,B016,rating,2026-05-04T14:00:00
2099,156,B014,rating,2025-03-16T06:00:00
2100,156,B011,rating,2025-04-13T17:00:00
2101,157,B014,rating,2025-10-05T15:00:00
2102,157,B014,rating,2026-05-10T16:00:00
2103,157,B020,rating,2025-09-12T10:00:00
2104,157,B002,rating,2025-04-25T05:00:00
2105,157,B020,rating,2026-06-06T15:00:00
2106,157,B018,rating,2025-11-08T03:00:00
2107,157,B004,rating,2025-07-07T06:00:00
2108,157,B018,rating,2025-08-07T09:00:00
2109,157,B015,rating,2026-04-29T03:00:00
2110,157,B013,rating,2025-08-04T18:00:00
2111,157,B001,rating,2025-07-16T12:00:00
2112,157,B018,rating,2025-06-10T10:00:00
2113,158,B012,rating,2026-02-23T11:00:00
2114,158,B010,rating,2025-10-08T00:00:00
2115,158,B015,rating,2025-10-29T11:00:00
2116,158,B007,rating,2025-11-30T17:00:00
2117,158,B007,rating,2026-05-31T14:00:00
2118,158,B018,rating,2025-06-14T10:00:00
2119,158,B015,rating,2026-04-27T01:00:00
2120,158,B008,rating,2026-05-14T07:00:00
2121,158,B007,rating,2025-12-17T08:00:00
2122,158,B015,rating,2025-04-24T15:00:00
2123,158,B015,rating,2026-02-28T04:00:00
2124,158,B007,rating,2025-07-24T17:00:00
2125,158,B007,rating,2025-09-24T17:00:00
2126,158,B011,rating,2025-05-24T02:00:00
2127,158,B015,rating,2025-11-18T11:00:00
2128,158,B001,rating,2025-08-08T05:00:00
2129,158,B019,rating,2025-12-08T06:00:00
2130,158,B002,rating,2025-09-19T19:00:00
2131,159,B011,rating,2025-04-26T17:00:00
2132,159,B011,rating,2026-04-25T19:00:00
2133,159,B014,rating,2026-03-18T08:00:00
2134,159,B002,rating,2025-03-16T05:00:00
2135,159,B014,rating,2026-06-25T22:00:00
2136,159,B020,rating,2025-01-22T12:00:00
2137,159,B014,rating,2025-01-20T00:00:00
2138,159,B001,rating,2025-12-01T17:00:00
2139,159,B012,rating,2025-12-30T22:00:00
2140,159,B002,rating,2025-07-31T09:00:00
2141,159,B014,rating,2025-02-10T04:00:00
2142,159,B018,rating,2025-11-19T07:00:00
2143,159,B018,rating,2026-03-11T08:00:00
2144,159,B014,rating,2025-01-28T04:00:00
2145,159,B014,rating,2025-05-07T12:00:00
2146,159,B015,rating,2026-04-03T14:00:00
2147,159,B018,rating,2025-05-08T02:00:00
2148,159,B014,rating,2026-06-13T03:00:00
2149,160,B006,rating,2025-11-04T07:00:00
2150,160,B020,rating,2026-04-28T00:00:00
2151,160,B006,rating,2025-11-28T01:00:00
2152,160,B003,rating,2025-05-12T16:00:00
2153,160,B001,rating,2025-03-04T19:00:00
2154,160,B009,rating,2025-10-28T11:00:00
2155,160,B008,rating,2026-03-06T05:00:00
2156,160,B009,rating,2025-07-05T11:00:00
2157,160,B019,rating,2025-01-31T15:00:00
2158,160,B001,rating,2025-09-29T19:00:00
2159,160,B006,rating,2026-04-27T01:00:00
2160,160,B006,rating,2025-02-17T17:00:00
2161,160,B019,rating,2025-12-24T07:00:00
2162,160,B001,rating,2026-04-21T13:00:00
2163,160,B006,rating,2025-05-18T19:00:00
2164,160,B006,rating,2026-04-26T08:00:00
2165,160,B001,rating,2025-04-09T15:00:00
2166,161,B016,rating,2025-11-05T10:00:00
2167,161,B004,rating,2026-06-17T16:00:00
2168,161,B012,rating,2025-05-15T10:00:00
2169,161,B014,rating,2025-02-05T23:00:00
2170,161,B014,rating,2025-02-19T06:00:00
2171,161,B007,rating,2025-09-01T05:00:00
2172,161,B011,rating,2026-05-11T11:00:00
2173,161,B006,rating,2025-08-08T14:00:00
2174,161,B007,rating,2025-05-01T23:00:00
2175,161,B014,rating,2025-07-10T08:00:00
2176,162,B014,rating,2025-11-11T14:00:00
2177,162,B014,rating,2026-06-01T05:00:00
2178,162,B007,rating,2025-01-18T06:00:00
2179,162,B010,rating,2025-06-05T18:00:00
2180,162,B003,rating,2026-01-07T17:00:00
2181,162,B008,rating,2025-04-13T21:00:00
2182,162,B013,rating,2025-06-05T17:00:00
2183,162,B019,rating,2025-07-27T08:00:00
2184,162,B005,rating,2026-06-19T13:00:00
2185,162,B007,rating,2025-05-20T23:00:00
2186,162,B010,rating,2025-11-16T06:00:00
2187,162,B004,rating,2025-03-10T01:00:00
2188,162,B010,rating,2025-06-14T07:00:00
2189,162,B007,rating,2026-02-05T18:00:00
2190,162,B016,rating,2025-05-24T12:00:00
2191,163,B006,rating,2025-02-11T12:00:00
2192,163,B008,rating,2026-04-23T13:00:00
2193,163,B015,rating,2026-05-14T09:00:00
2194,163,B014,rating,2026-01-07T07:00:00
2195,163,B014,rating,2026-03-19T13:00:00
2196,163,B018,rating,2025-10-14T23:00:00
2197,163,B014,rating,2026-06-05T10:00:00
2198,163,B005,rating,2025-03-27T00:00:00
2199,163,B012,rating,2025-08-15T18:00:00
2200,163,B018,rating,2026-01-20T19:00:00
2201,163,B014,rating,2025-04-11T18:00:00
2202,163,B014,rating,2026-03-08T12:00:00
2203,163,B002,rating,2026-04-17T18:00:00
2204,163,B020,rating,2026-03-19T21:00:00
2205,163,B018,rating,2025-01-25T20:00:00
2206,163,B018,rating,2025-01-30T23:00:00
2207,163,B020,rating,2025-12-19T11:00:00
2208,163,B020,rating,2025-02-18T10:00:00
2209,164,B006,rating,2025-08-22T10:00:00
2210,164,B015,rating,2026-02-20T10:00:00
2211,164,B010,rating,2026-01-27T06:00:00
2212,164,B008,rating,2026-03-25T11:00:00
2213,164,B009,rating,2025-11-27T00:00:00
2214,164,B009,rating,2025-10-31T17:00:00
2215,164,B016,rating,2025-03-19T06:00:00
2216,164,B017,rating,2025-05-30T22:00:00
2217,164,B017,rating,2026-01-30T03:00:00
2218,164,B009,rating,2025-10-28T19:00:00
2219,165,B016,rating,2026-05-10T14:00:00
2220,165,B004,rating,2026-06-16T18:00:00
2221,165,B001,rating,2026-01-08T08:00:00
2222,165,B020,rating,2025-08-29T10:00:00
2223,165,B001,rating,2025-05-18T10:00:00
2224,165,B004,rating,2025-09-10T17:00:00
2225,165,B015,rating,2026-05-03T17:00:00
2226,165,B004,rating,2025-08-18T14:00:00
2227,165,B017,rating,2026-03-25T15:00:00
2228,165,B007,rating,2025-01-23T17:00:00
2229,165,B016,rating,2026-05-04T22:00:00
2230,165,B001,rating,2025-09-16T23:00:00
2231,165,B006,rating,2025-05-17T12:00:00
2232,165,B019,rating,2025-11-08T10:00:00
2233,165,B016,rating,2025-11-19T00:00:00
2234,166,B003,rating,2026-02-01T13:00:00
2235,166,B020,rating,2025-07-07T03:00:00
2236,166,B011,rating,2025-09-16T15:00:00
2237,166,B009,rating,2025-08-21T11:00:00
2238,166,B014,rating,2025-12-14T14:00:00
2239,166,B014,rating,2025-01-21T19:00:00
2240,166,B003,rating,2025-04-08T05:00:00
2241,166,B011,rating,2025-11-10T00:00:00
2242,166,B015,rating,2026-01-19T02:00:00
2243,166,B003,rating,2026-05-26T05:00:00
2244,166,B003,rating,2026-01-19T18:00:00
2245,166,B012,rating,2025-07-01T16:00:00
2246,166,B008,rating,2025-05-04T09:00:00
2247,166,B003,rating,2026-06-15T05:00:00
2248,166,B003,rating,2025-06-08T19:00:00
2249,166,B019,rating,2026-02-03T14:00:00
2250,166,B010,rating,2025-03-09T10:00:00
2251,167,B015,rating,2025-11-25T16:00:00
2252,167,B002,rating,2026-06-19T12:00:00
2253,167,B002,rating,2025-10-17T10:00:00
2254,167,B020,rating,2026-03-13T12:00:00
2255,167,B010,rating,2026-05-19T03:00:00
2256,167,B015,rating,2025-11-10T15:00:00
2257,167,B014,rating,2025-02-26T16:00:00
2258,167,B015,rating,2025-11-11T18:00:00
2259,167,B011,rating,2025-06-27T20:00:00
2260,167,B016,rating,2025-02-18T09:00:00
2261,167,B003,rating,2025-02-23T21:00:00
2262,168,B017,rating,2025-04-30T09:00:00
2263,168,B013,rating,2025-12-05T05:00:00
2264,168,B017,rating,2026-01-16T12:00:00
2265,168,B002,rating,2025-09-22T13:00:00
2266,168,B006,rating,2025-11-14T06:00:00
2267,168,B011,rating,2025-10-07T13:00:00
2268,168,B005,rating,2026-02-28T12:00:00
2269,168,B006,rating,2026-05-15T08:00:00
2270,168,B008,rating,2026-02-09T01:00:00
2271,168,B017,rating,2025-08-17T02:00:00
2272,168,B012,rating,2025-03-10T05:00:00
2273,168,B014,rating,2025-09-20T21:00:00
2274,168,B015,rating,2025-10-19T17:00:00
2275,168,B002,rating,2026-02-09T06:00:00
2276,168,B010,rating,2026-05-25T06:00:00
2277,168,B018,rating,2025-04-22T03:00:00
2278,169,B009,rating,2025-01-15T04:00:00
2279,169,B007,rating,2025-12-25T14:00:00
2280,169,B013,rating,2025-06-06T09:00:00
2281,169,B009,rating,2025-12-10T21:00:00
2282,169,B014,rating,2025-03-13T07:00:00
2283,169,B013,rating,2025-06-14T04:00:00
2284,169,B011,rating,2026-02-24T16:00:00
2285,169,B020,rating,2025-11-26T11:00:00
2286,169,B014,rating,2025-01-07T12:00:00
2287,169,B013,rating,2025-05-03T07:00:00
2288,169,B002,rating,2025-03-17T00:00:00
2289,170,B012,rating,2026-02-02T08:00:00
2290,170,B007,rating,2025-01-22T13:00:00
2291,170,B011,rating,2026-02-25T22:00:00
2292,170,B011,rating,2026-02-16T04:00:00
2293,170,B014,rating,2026-02-20T13:00:00
2294,170,B013,rating,2026-04-09T14:00:00
2295,170,B011,rating,2025-12-12T10:00:00
2296,170,B009,rating,2025-07-30T07:00:00
2297,170,B020,rating,2026-01-08T14:00:00
2298,170,B011,rating,2025-11-11T06:00:00
2299,170,B019,rating,2025-11-04T19:00:00
2300,170,B004,rating,2025-06-10T21:00:00
2301,170,B011,rating,2025-01-25T22:00:00
2302,170,B009,rating,2025-06-09T20:00:00
2303,170,B004,rating,2026-04-25T07:00:00
2304,170,B012,rating,2025-11-20T19:00:00
2305,170,B005,rating,2025-02-06T21:00:00
2306,171,B008,rating,2025-11-20T18:00:00
2307,171,B002,rating,2025-12-13T22:00:00
2308,171,B020,rating,2025-06-13T04:00:00
2309,171,B009,rating,2026-02-24T05:00:00
2310,171,B018,rating,2025-10-15T22:00:00
2311,171,B020,rating,2025-05-31T14:00:00
2312,171,B008,rating,2026-04-30T12:00:00
2313,171,B002,rating,2026-01-07T14:00:00
2314,172,B019,rating,2025-03-27T11:00:00
2315,172,B010,rating,2025-01-17T19:00:00
2316,172,B018,rating,2025-06-23T11:00:00
2317,172,B020,rating,2026-06-17T00:00:00
2318,172,B018,rating,2025-11-10T08:00:00
2319,172,B002,rating,2025-10-07T23:00:00
2320,172,B004,rating,2025-03-24T10:00:00
2321,172,B005,rating,2025-01-11T23:00:00
2322,172,B006,rating,2025-07-24T15:00:00
2323,172,B004,rating,2025-10-04T22:00:00
2324,172,B020,rating,2026-03-11T13:00:00
2325,172,B015,rating,2025-09-25T17:00:00
2326,172,B013,rating,2026-04-06T21:00:00
2327,172,B020,rating,2025-04-27T00:00:00
2328,172,B005,rating,2025-04-20T07:00:00
2329,173,B015,rating,2025-12-05T21:00:00
2330,173,B017,rating,2025-07-24T23:00:00
2331,173,B001,rating,2025-01-04T13:00:00
2332,173,B001,rating,2025-03-23T12:00:00
2333,173,B016,rating,2025-07-22T22:00:00
2334,173,B017,rating,2025-07-10T15:00:00
2335,173,B012,rating,2026-06-04T00:00:00
2336,173,B004,rating,2025-07-13T22:00:00
2337,173,B012,rating,2025-08-22T05:00:00
2338,173,B017,rating,2026-06-03T20:00:00
2339,173,B012,rating,2025-12-20T23:00:00
2340,174,B007,rating,2025-03-09T18:00:00
2341,174,B019,rating,2026-05-07T11:00:00
2342,174,B002,rating,2025-07-14T07:00:00
2343,174,B002,rating,2026-02-24T14:00:00
2344,174,B009,rating,2026-02-17T14:00:00
2345,174,B018,rating,2025-06-06T04:00:00
2346,174,B015,rating,2025-01-26T04:00:00
2347,174,B019,rating,2025-06-02T12:00:00
2348,174,B002,rating,2025-06-26T04:00:00
2349,174,B019,rating,2025-01-17T12:00:00
2350,174,B018,rating,2025-01-23T15:00:00
2351,174,B001,rating,2025-10-12T07:00:00
2352,174,B018,rating,2025-06-13T15:00:00
2353,174,B003,rating,2025-03-10T10:00:00
2354,174,B015,rating,2025-05-25T07:00:00
2355,174,B019,rating,2026-03-03T15:00:00
2356,174,B009,rating,2025-12-13T20:00:00
2357,174,B017,rating,2025-05-13T16:00:00
2358,175,B006,rating,2026-05-03T08:00:00
2359,175,B020,rating,2025-12-06T22:00:00
2360,175,B001,rating,2025-08-23T22:00:00
2361,175,B007,rating,2026-05-16T18:00:00
2362,175,B006,rating,2025-04-08T12:00:00
2363,175,B003,rating,2025-03-25T16:00:00
2364,175,B006,rating,2025-07-17T08:00:00
2365,175,B004,rating,2025-03-02T15:00:00
2366,175,B016,rating,2026-05-10T17:00:00
2367,175,B006,rating,2026-05-12T10:00:00
2368,176,B004,rating,2026-01-13T14:00:00
2369,176,B018,rating,2026-04-03T20:00:00
2370,176,B013,rating,2025-11-18T03:00:00
2371,176,B005,rating,2025-07-22T22:00:00
2372,176,B002,rating,2025-05-12T10:00:00
2373,176,B017,rating,2026-05-04T11:00:00
2374,176,B011,rating,2026-03-21T20:00:00
2375,176,B011,rating,2025-02-05T20:00:00
2376,176,B004,rating,2025-02-27T23:00:00
2377,176,B007,rating,2025-03-11T04:00:00
2378,176,B013,rating,2025-08-29T02:00:00
2379,176,B016,rating,2025-12-13T02:00:00
2380,176,B005,rating,2025-03-05T16:00:00
2381,176,B004,rating,2025-04-02T06:00:00
2382,176,B005,rating,2025-09-25T07:00:00
2383,176,B001,rating,2026-05-06T01:00:00
2384,176,B013,rating,2025-05-21T16:00:00
2385,176,B008,rating,2026-02-10T00:00:00
2386,177,B018,rating,2026-01-19T16:00:00
2387,177,B011,rating,2025-09-20T10:00:00
2388,177,B002,rating,2025-10-20T14:00:00
2389,177,B004,rating,2025-02-12T12:00:00
2390,177,B002,rating,2025-07-30T06:00:00
2391,177,B005,rating,2025-11-02T22:00:00
2392,177,B014,rating,2025-11-07T11:00:00
2393,177,B009,rating,2025-09-16T06:00:00
2394,177,B002,rating,2025-12-08T06:00:00
2395,177,B020,rating,2026-04-14T12:00:00
2396,177,B014,rating,2026-05-07T17:00:00
2397,177,B018,rating,2025-09-12T02:00:00
2398,177,B011,rating,2025-02-01T19:00:00
2399,177,B002,rating,2025-01-01T09:00:00
2400,177,B001,rating,2025-08-09T20:00:00
2401,177,B015,rating,2026-01-17T02:00:00
2402,177,B015,rating,2025-02-05T03:00:00
2403,177,B006,rating,2025-07-29T03:00:00
2404,178,B015,rating,2026-03-19T14:00:00
2405,178,B017,rating,2025-02-15T21:00:00
2406,178,B018,rating,2026-05-06T06:00:00
2407,178,B006,rating,2025-07-12T07:00:00
2408,178,B004,rating,2025-02-15T18:00:00
2409,178,B015,rating,2026-05-16T07:00:00
2410,178,B010,rating,2025-10-21T11:00:00
2411,178,B017,rating,2026-04-29T17:00:00
2412,178,B015,rating,2025-05-30T10:00:00
2413,178,B007,rating,2025-06-28T18:00:00
2414,178,B001,rating,2025-10-27T04:00:00
2415,178,B011,rating,2026-05-22T21:00:00
2416,178,B003,rating,2025-03-30T19:00:00
2417,178,B015,rating,2026-01-03T20:00:00
2418,178,B007,rating,2025-12-18T16:00:00
2419,178,B009,rating,2025-05-29T19:00:00
2420,178,B009,rating,2025-05-23T06:00:00
2421,178,B002,rating,2026-03-06T03:00:00
2422,179,B002,rating,2026-02-22T22:00:00
2423,179,B001,rating,2025-06-09T22:00:00
2424,179,B020,rating,2026-06-01T03:00:00
2425,179,B016,rating,2025-11-10T07:00:00
2426,179,B002,rating,2025-08-03T17:00:00
2427,179,B005,rating,2025-07-15T00:00:00
2428,179,B018,rating,2025-03-15T02:00:00
2429,179,B009,rating,2026-01-02T21:00:00
2430,179,B002,rating,2026-01-19T06:00:00
2431,179,B018,rating,2025-02-12T21:00:00
2432,179,B018,rating,2025-12-26T00:00:00
2433,179,B014,rating,2026-01-28T17:00:00
2434,179,B011,rating,2025-12-26T21:00:00
2435,179,B016,rating,2026-05-15T02:00:00
2436,179,B011,rating,2026-04-11T12:00:00
2437,179,B014,rating,2025-02-05T10:00:00
2438,180,B001,rating,2026-02-02T17:00:00
2439,180,B001,rating,2025-05-01T22:00:00
2440,180,B016,rating,2025-10-28T05:00:00
2441,180,B016,rating,2025-06-08T02:00:00
2442,180,B018,rating,2025-06-30T12:00:00
2443,180,B007,rating,2026-05-21T07:00:00
2444,180,B009,rating,2025-04-29T03:00:00
2445,180,B007,rating,2025-01-25T14:00:00
2446,180,B015,rating,2026-01-13T20:00:00
2447,181,B008,rating,2025-03-30T18:00:00
2448,181,B013,rating,2026-01-18T17:00:00
2449,181,B002,rating,2025-07-09T18:00:00
2450,181,B003,rating,2025-11-04T04:00:00
2451,181,B018,rating,2026-01-16T01:00:00
2452,181,B012,rating,2025-01-10T09:00:00
2453,181,B008,rating,2026-05-07T06:00:00
2454,181,B009,rating,2025-08-08T03:00:00
2455,181,B006,rating,2026-06-07T04:00:00
2456,181,B019,rating,2025-03-16T18:00:00
2457,181,B004,rating,2026-01-06T07:00:00
2458,181,B001,rating,2026-03-19T01:00:00
2459,182,B007,rating,2026-06-06T13:00:00
2460,182,B015,rating,2025-06-11T07:00:00
2461,182,B008,rating,2025-03-18T13:00:00
2462,182,B010,rating,2025-03-28T22:00:00
2463,182,B015,rating,2026-01-14T08:00:00
2464,182,B007,rating,2025-12-16T09:00:00
2465,182,B018,rating,2025-11-12T15:00:00
2466,182,B010,rating,2025-05-21T15:00:00
2467,183,B014,rating,2025-09-28T19:00:00
2468,183,B015,rating,2025-05-23T22:00:00
2469,183,B006,rating,2025-11-25T06:00:00
2470,183,B006,rating,2025-06-27T03:00:00
2471,183,B006,rating,2025-09-10T06:00:00
2472,183,B007,rating,2025-12-12T05:00:00
2473,183,B014,rating,2026-01-19T07:00:00
2474,183,B008,rating,2026-04-16T17:00:00
2475,183,B020,rating,2025-09-16T03:00:00
2476,183,B020,rating,2026-02-07T00:00:00
2477,183,B014,rating,2026-04-11T17:00:00
2478,183,B009,rating,2026-03-07T06:00:00
2479,183,B008,rating,2026-05-17T19:00:00
2480,183,B018,rating,2025-05-03T04:00:00
2481,183,B014,rating,2025-02-25T01:00:00
2482,183,B011,rating,2025-10-02T04:00:00
2483,184,B009,rating,2025-06-25T12:00:00
2484,184,B001,rating,2025-04-04T18:00:00
2485,184,B012,rating,2025-10-04T15:00:00
2486,184,B002,rating,2025-08-15T07:00:00
2487,184,B003,rating,2025-08-14T08:00:00
2488,184,B020,rating,2026-03-22T18:00:00
2489,184,B014,rating,2026-04-02T06:00:00
2490,184,B007,rating,2026-03-31T14:00:00
2491,184,B006,rating,2026-01-25T00:00:00
2492,184,B006,rating,2026-03-24T16:00:00
2493,184,B011,rating,2026-02-02T14:00:00
2494,184,B015,rating,2025-03-21T19:00:00
2495,184,B019,rating,2025-06-22T12:00:00
2496,184,B009,rating,2025-10-08T07:00:00
2497,184,B006,rating,2026-01-24T19:00:00
2498,184,B001,rating,2025-09-07T20:00:00
2499,184,B011,rating,2025-01-23T12:00:00
2500,184,B015,rating,2025-01-21T15:00:00
2501,185,B006,rating,2025-07-20T01:00:00
2502,185,B006,rating,2025-08-23T02:00:00
2503,185,B005,rating,2025-02-21T08:00:00
2504,185,B018,rating,2025-10-28T04:00:00
2505,185,B005,rating,2025-07-10T07:00:00
2506,185,B002,rating,2025-08-26T02:00:00
2507,185,B004,rating,2025-06-30T09:00:00
2508,185,B011,rating,2025-08-30T00:00:00
2509,185,B009,rating,2025-03-10T03:00:00
2510,186,B010,rating,2025-05-16T07:00:00
2511,186,B005,rating,2025-10-13T14:00:00
2512,186,B003,rating,2025-09-12T05:00:00
2513,186,B009,rating,2025-03-10T12:00:00
2514,186,B003,rating,2026-05-17T21:00:00
2515,186,B015,rating,2026-02-18T16:00:00
2516,186,B004,rating,2026-02-19T08:00:00
2517,186,B003,rating,2025-05-10T01:00:00
2518,186,B003,rating,2025-04-29T19:00:00
2519,186,B016,rating,2025-11-03T11:00:00
2520,186,B009,rating,2025-08-09T13:00:00
2521,186,B018,rating,2026-04-06T18:00:00
2522,186,B006,rating,2025-11-06T12:00:00
2523,186,B003,rating,2026-03-26T08:00:00
2524,186,B008,rating,2026-01-16T06:00:00
2525,187,B019,rating,2026-06-09T17:00:00
2526,187,B017,rating,2025-07-18T09:00:00
2527,187,B018,rating,2025-05-30T23:00:00
2528,187,B007,rating,2025-01-26T16:00:00
2529,187,B002,rating,2025-12-09T19:00:00
2530,187,B010,rating,2025-02-22T16:00:00
2531,187,B009,rating,2026-05-15T13:00:00
2532,187,B013,rating,2026-06-03T02:00:00
2533,187,B010,rating,2025-12-05T21:00:00
2534,187,B012,rating,2025-10-01T04:00:00
2535,187,B008,rating,2025-10-10T12:00:00
2536,188,B005,rating,2025-02-08T08:00:00
2537,188,B014,rating,2025-08-13T14:00:00
2538,188,B011,rating,2025-04-27T02:00:00
2539,188,B017,rating,2025-12-17T19:00:00
2540,188,B004,rating,2026-04-26T08:00:00
2541,188,B014,rating,2025-12-05T20:00:00
2542,188,B007,rating,2026-06-17T21:00:00
2543,188,B018,rating,2026-03-21T15:00:00
2544,188,B001,rating,2026-02-19T01:00:00
2545,188,B002,rating,2025-09-21T03:00:00
2546,189,B017,rating,2026-05-08T21:00:00
2547,189,B004,rating,2025-02-28T13:00:00
2548,189,B018,rating,2025-02-01T10:00:00
2549,189,B018,rating,2026-05-14T15:00:00
2550,189,B013,rating,2025-08-08T12:00:00
2551,189,B011,rating,2025-06-18T10:00:00
2552,189,B008,rating,2025-03-26T03:00:00
2553,189,B008,rating,2026-05-20T02:00:00
2554,189,B012,rating,2025-06-05T01:00:00
2555,189,B005,rating,2026-01-11T21:00:00
2556,189,B004,rating,2026-01-01T21:00:00
2557,190,B003,rating,2025-03-15T19:00:00
2558,190,B020,rating,2025-09-24T05:00:00
2559,190,B002,rating,2025-04-09T15:00:00
2560,190,B001,rating,2025-02-02T12:00:00
2561,190,B001,rating,2026-04-30T14:00:00
2562,190,B019,rating,2026-02-15T13:00:00
2563,190,B015,rating,2025-12-01T06:00:00
2564,190,B018,rating,2025-02-07T02:00:00
2565,190,B016,rating,2025-05-10T04:00:00
2566,190,B011,rating,2025-12-07T22:00:00
2567,190,B007,rating,2026-03-22T13:00:00
2568,190,B007,rating,2025-08-03T15:00:00
2569,190,B017,rating,2026-02-05T06:00:00
2570,191,B003,rating,2025-01-08T05:00:00
2571,191,B014,rating,2026-05-14T10:00:00
2572,191,B016,rating,2026-05-23T08:00:00
2573,191,B011,rating,2026-03-04T01:00:00
2574,191,B018,rating,2025-12-18T19:00:00
2575,191,B008,rating,2025-07-26T06:00:00
2576,191,B002,rating,2025-07-21T13:00:00
2577,191,B008,rating,2025-02-10T14:00:00
2578,191,B020,rating,2025-10-25T17:00:00
2579,191,B012,rating,2025-10-19T10:00:00
2580,191,B008,rating,2026-03-04T14:00:00
2581,191,B020,rating,2025-08-25T10:00:00
2582,191,B014,rating,2025-11-04T20:00:00
2583,191,B018,rating,2025-09-18T12:00:00
2584,192,B006,rating,2025-11-10T19:00:00
2585,192,B007,rating,2025-08-07T17:00:00
2586,192,B020,rating,2025-04-29T07:00:00
2587,192,B016,rating,2025-12-03T05:00:00
2588,192,B005,rating,2025-03-23T10:00:00
2589,192,B016,rating,2025-01-22T03:00:00
2590,192,B010,rating,2025-09-21T13:00:00
2591,192,B007,rating,2026-01-06T03:00:00
2592,192,B009,rating,2025-03-12T02:00:00
2593,192,B019,rating,2025-01-04T07:00:00
2594,192,B016,rating,2025-04-27T14:00:00
2595,193,B013,rating,2025-12-17T05:00:00
2596,193,B007,rating,2025-12-26T00:00:00
2597,193,B002,rating,2026-03-19T03:00:00
2598,193,B015,rating,2026-02-17T06:00:00
2599,193,B009,rating,2025-03-10T23:00:00
2600,193,B010,rating,2026-04-14T12:00:00
2601,193,B005,rating,2025-02-07T14:00:00
2602,193,B019,rating,2025-12-13T13:00:00
2603,193,B014,rating,2026-04-20T02:00:00
2604,193,B018,rating,2025-04-30T18:00:00
2605,193,B012,rating,2025-12-15T03:00:00
2606,193,B020,rating,2025-09-09T09:00:00
2607,193,B015,rating,2025-04-20T01:00:00
2608,193,B020,rating,2025-05-21T22:00:00
2609,193,B004,rating,2025-10-15T10:00:00
2610,194,B009,rating,2025-05-07T05:00:00
2611,194,B012,rating,2025-03-22T07:00:00
2612,194,B018,rating,2025-03-23T22:00:00
2613,194,B010,rating,2025-11-01T03:00:00
2614,194,B001,rating,2025-02-11T09:00:00
2615,194,B007,rating,2025-12-08T08:00:00
2616,194,B005,rating,2025-01-05T03:00:00
2617,194,B003,rating,2026-02-20T17:00:00
2618,194,B004,rating,2025-09-11T02:00:00
2619,194,B013,rating,2025-04-17T20:00:00
2620,194,B015,rating,2025-05-10T05:00:00
2621,194,B003,rating,2026-06-06T07:00:00
2622,194,B003,rating,2025-10-07T18:00:00
2623,194,B020,rating,2025-07-12T15:00:00
2624,194,B019,rating,2026-02-02T06:00:00
2625,194,B008,rating,2025-05-20T12:00:00
2626,195,B006,rating,2025-02-11T07:00:00
2627,195,B004,rating,2025-03-15T21:00:00
2628,195,B016,rating,2025-04-26T18:00:00
2629,195,B001,rating,2025-01-15T13:00:00
2630,195,B006,rating,2025-05-31T23:00:00
2631,195,B013,rating,2025-11-29T13:00:00
2632,195,B008,rating,2025-07-26T20:00:00
2633,195,B020,rating,2025-09-06T15:00:00
2634,195,B006,rating,2025-09-16T00:00:00
2635,195,B003,rating,2026-04-15T16:00:00
2636,195,B005,rating,2025-05-25T09:00:00
2637,195,B001,rating,2026-04-30T16:00:00
2638,195,B002,rating,2025-08-18T14:00:00
2639,195,B013,rating,2026-02-04T08:00:00
2640,195,B001,rating,2025-05-17T00:00:00
2641,195,B014,rating,2026-01-29T07:00:00
2642,195,B001,rating,2025-05-29T03:00:00
2643,196,B004,rating,2025-09-08T21:00:00
2644,196,B013,rating,2025-07-07T20:00:00
2645,196,B015,rating,2025-12-02T22:00:00
2646,196,B013,rating,2025-12-16T00:00:00
2647,196,B001,rating,2026-03-12T08:00:00
2648,196,B012,rating,2025-07-24T20:00:00
2649,196,B017,rating,2025-07-20T07:00:00
2650,196,B004,rating,2025-09-04T17:00:00
2651,196,B004,rating,2025-01-17T22:00:00
2652,197,B013,rating,2025-01-12T18:00:00
2653,197,B014,rating,2026-04-06T06:00:00
2654,197,B018,rating,2025-04-06T08:00:00
2655,197,B002,rating,2025-09-04T01:00:00
2656,197,B020,rating,2025-01-07T15:00:00
2657,197,B014,rating,2025-12-05T03:00:00
2658,197,B018,rating,2025-10-12T00:00:00
2659,197,B004,rating,2026-04-09T17:00:00
2660,197,B004,rating,2025-01-22T21:00:00
2661,197,B010,rating,2025-08-28T23:00:00
2662,197,B002,rating,2025-07-22T04:00:00
2663,198,B012,rating,2025-06-12T15:00:00
2664,198,B002,rating,2025-06-29T21:00:00
2665,198,B015,rating,2025-03-28T05:00:00
2666,198,B015,rating,2026-03-22T07:00:00
2667,198,B008,rating,2025-12-04T14:00:00
2668,198,B015,rating,2026-03-12T05:00:00
2669,198,B015,rating,2025-10-13T10:00:00
2670,198,B015,rating,2025-01-21T06:00:00
2671,198,B010,rating,2026-04-22T02:00:00
2672,198,B015,rating,2025-02-25T07:00:00
2673,198,B015,rating,2025-04-26T17:00:00
2674,199,B020,rating,2025-07-30T04:00:00
2675,199,B018,rating,2026-06-15T04:00:00
2676,199,B005,rating,2025-03-24T23:00:00
2677,199,B002,rating,2025-10-10T10:00:00
2678,199,B019,rating,2025-01-25T23:00:00
2679,199,B014,rating,2025-03-25T02:00:00
2680,199,B002,rating,2025-04-11T14:00:00
2681,199,B014,rating,2026-01-16T01:00:00
2682,199,B002,rating,2025-01-27T23:00:00
2683,199,B014,rating,2025-04-28T16:00:00
2684,199,B002,rating,2025-09-25T05:00:00
2685,199,B006,rating,2026-05-04T09:00:00
2686,199,B014,rating,2026-05-29T19:00:00
2687,199,B018,rating,2026-04-26T01:00:00
2688,199,B002,rating,2025-02-20T00:00:00
2689,199,B014,rating,2026-01-22T11:00:00
2690,200,B009,rating,2026-01-20T23:00:00
2691,200,B006,rating,2025-02-24T13:00:00
2692,200,B011,rating,2026-04-17T19:00:00
2693,200,B004,rating,2026-06-23T05:00:00
2694,200,B001,rating,2025-02-18T03:00:00
2695,200,B005,rating,2025-05-08T17:00:00
2696,200,B004,rating,2025-09-25T20:00:00
2697,200,B006,rating,2025-07-01T17:00:00
2698,200,B014,rating,2025-09-12T16:00:00
2699,200,B006,rating,2025-03-07T12:00:00
2700,200,B016,rating,2025-05-25T22:00:00
2701,200,B016,rating,2026-06-19T18:00:00
2702,201,B008,rating,2025-02-11T12:00:00
2703,201,B004,rating,2025-10-25T01:00:00
2704,201,B006,rating,2026-01-13T10:00:00
2705,201,B008,rating,2025-01-24T21:00:00
2706,201,B014,rating,2025-10-14T09:00:00
2707,201,B008,rating,2025-04-22T11:00:00
2708,201,B014,rating,2025-10-10T10:00:00
2709,201,B009,rating,2025-03-05T21:00:00
2710,201,B006,rating,2025-10-26T07:00:00
2711,201,B008,rating,2025-07-18T16:00:00
2712,201,B015,rating,2025-05-06T12:00:00
2713,201,B002,rating,2025-04-15T02:00:00
2714,202,B010,rating,2025-08-20T01:00:00
2715,202,B012,rating,2025-03-20T02:00:00
2716,202,B007,rating,2026-06-02T15:00:00
2717,202,B011,rating,2026-02-03T03:00:00
2718,202,B013,rating,2026-06-22T00:00:00
2719,202,B007,rating,2025-01-31T18:00:00
2720,202,B007,rating,2026-06-21T00:00:00
2721,202,B009,rating,2026-05-25T08:00:00
2722,202,B007,rating,2025-05-03T23:00:00
2723,203,B017,rating,2025-05-23T13:00:00
2724,203,B011,rating,2026-06-02T04:00:00
2725,203,B014,rating,2025-12-12T13:00:00
2726,203,B009,rating,2025-10-29T04:00:00
2727,203,B020,rating,2025-02-13T11:00:00
2728,203,B002,rating,2025-12-12T07:00:00
2729,203,B014,rating,2025-02-17T16:00:00
2730,203,B018,rating,2026-03-13T00:00:00
2731,203,B020,rating,2025-02-26T16:00:00
2732,203,B016,rating,2026-02-12T19:00:00
2733,203,B014,rating,2026-04-12T02:00:00
2734,203,B002,rating,2025-08-12T08:00:00
2735,203,B007,rating,2026-03-17T16:00:00
2736,203,B005,rating,2025-04-22T15:00:00
2737,203,B014,rating,2025-05-27T19:00:00
2738,203,B009,rating,2025-02-11T03:00:00
2739,203,B001,rating,2026-04-04T06:00:00
2740,204,B018,rating,2025-07-06T00:00:00
2741,204,B014,rating,2025-09-19T18:00:00
2742,204,B009,rating,2026-03-07T19:00:00
2743,204,B009,rating,2025-10-31T17:00:00
2744,204,B006,rating,2026-04-13T02:00:00
2745,204,B012,rating,2026-01-10T18:00:00
2746,204,B011,rating,2025-04-16T09:00:00
2747,204,B003,rating,2025-07-19T05:00:00
2748,204,B003,rating,2025-10-29T04:00:00
2749,204,B009,rating,2025-02-26T13:00:00
2750,204,B013,rating,2026-04-30T04:00:00
2751,204,B001,rating,2026-03-04T00:00:00
2752,204,B016,rating,2025-11-13T17:00:00
2753,204,B009,rating,2026-06-17T19:00:00
2754,204,B020,rating,2026-06-17T04:00:00
2755,204,B010,rating,2025-01-18T09:00:00
2756,204,B002,rating,2026-02-22T21:00:00
2757,204,B007,rating,2026-03-21T10:00:00
2758,205,B010,rating,2025-05-30T06:00:00
2759,205,B001,rating,2025-12-11T03:00:00
2760,205,B014,rating,2026-02-13T17:00:00
2761,205,B001,rating,2025-10-06T20:00:00
2762,205,B010,rating,2025-06-18T15:00:00
2763,205,B011,rating,2026-03-21T19:00:00
2764,205,B006,rating,2025-04-30T12:00:00
2765,205,B013,rating,2025-12-09T00:00:00
2766,205,B018,rating,2025-02-27T19:00:00
2767,205,B003,rating,2025-03-16T23:00:00
2768,205,B010,rating,2025-07-01T20:00:00
2769,205,B016,rating,2025-05-28T01:00:00
2770,205,B001,rating,2025-10-04T00:00:00
2771,206,B003,rating,2025-06-14T18:00:00
2772,206,B003,rating,2025-09-27T00:00:00
2773,206,B014,rating,2025-07-23T06:00:00
2774,206,B007,rating,2025-11-18T11:00:00
2775,206,B003,rating,2026-02-15T03:00:00
2776,206,B006,rating,2025-07-29T05:00:00
2777,206,B017,rating,2025-01-01T12:00:00
2778,206,B013,rating,2025-11-22T04:00:00
2779,206,B011,rating,2025-07-14T06:00:00
2780,206,B005,rating,2025-02-20T23:00:00
2781,206,B010,rating,2025-11-27T01:00:00
2782,206,B003,rating,2025-02-14T03:00:00
2783,206,B017,rating,2025-08-31T14:00:00
2784,206,B014,rating,2026-02-12T15:00:00
2785,206,B016,rating,2026-05-27T21:00:00
2786,206,B019,rating,2025-04-05T15:00:00
2787,206,B019,rating,2025-07-06T03:00:00
2788,207,B006,rating,2025-11-23T13:00:00
2789,207,B010,rating,2026-04-06T23:00:00
2790,207,B015,rating,2025-05-02T14:00:00
2791,207,B010,rating,2026-05-24T07:00:00
2792,207,B015,rating,2025-05-31T00:00:00
2793,207,B012,rating,2025-05-28T02:00:00
2794,207,B007,rating,2025-12-24T10:00:00
2795,207,B010,rating,2026-01-10T00:00:00
2796,207,B015,rating,2026-04-04T03:00:00
2797,207,B016,rating,2025-06-03T23:00:00
2798,207,B010,rating,2025-05-23T10:00:00
2799,207,B017,rating,2025-02-10T17:00:00
2800,207,B016,rating,2025-10-02T07:00:00
2801,207,B006,rating,2025-01-17T05:00:00
2802,208,B019,rating,2025-10-26T20:00:00
2803,208,B017,rating,2026-06-09T17:00:00
2804,208,B006,rating,2025-10-18T11:00:00
2805,208,B017,rating,2025-02-06T22:00:00
2806,208,B011,rating,2025-08-29T17:00:00
2807,208,B017,rating,2025-07-11T00:00:00
2808,208,B017,rating,2026-01-25T02:00:00
2809,208,B007,rating,2026-05-22T19:00:00
2810,209,B013,rating,2025-02-23T22:00:00
2811,209,B009,rating,2026-01-05T12:00:00
2812,209,B010,rating,2025-02-09T00:00:00
2813,209,B016,rating,2025-06-30T23:00:00
2814,209,B016,rating,2025-07-06T16:00:00
2815,209,B004,rating,2025-10-29T05:00:00
2816,209,B011,rating,2025-05-17T21:00:00
2817,209,B004,rating,2025-08-16T06:00:00
2818,209,B020,rating,2025-06-18T08:00:00
2819,209,B002,rating,2026-05-10T05:00:00
2820,209,B013,rating,2025-06-21T18:00:00
2821,209,B005,rating,2025-08-16T10:00:00
2822,209,B011,rating,2025-04-19T17:00:00
2823,209,B008,rating,2025-01-27T20:00:00
2824,209,B004,rating,2025-11-29T00:00:00
2825,209,B013,rating,2025-10-22T08:00:00
2826,209,B004,rating,2025-05-03T21:00:00
2827,210,B019,rating,2025-02-08T02:00:00
2828,210,B003,rating,2025-04-01T10:00:00
2829,210,B011,rating,2025-12-02T06:00:00
2830,210,B011,rating,2025-08-08T13:00:00
2831,210,B002,rating,2026-04-04T10:00:00
2832,210,B011,rating,2025-06-03T22:00:00
2833,210,B013,rating,2025-10-18T02:00:00
2834,210,B011,rating,2025-05-05T22:00:00
2835,210,B007,rating,2025-03-03T19:00:00
2836,211,B006,rating,2025-12-05T17:00:00
2837,211,B002,rating,2026-03-15T13:00:00
2838,211,B019,rating,2026-06-03T13:00:00
2839,211,B014,rating,2026-03-29T08:00:00
2840,211,B019,rating,2026-06-07T10:00:00
2841,211,B009,rating,2025-10-14T17:00:00
2842,211,B002,rating,2026-03-09T11:00:00
2843,211,B002,rating,2025-10-22T05:00:00
2844,212,B020,rating,2026-01-17T20:00:00
2845,212,B016,rating,2025-05-15T20:00:00
2846,212,B007,rating,2025-04-29T10:00:00
2847,212,B005,rating,2025-11-28T10:00:00
2848,212,B004,rating,2026-03-12T17:00:00
2849,212,B017,rating,2025-10-18T09:00:00
2850,212,B018,rating,2026-05-18T04:00:00
2851,212,B002,rating,2026-03-28T23:00:00
2852,212,B016,rating,2025-06-03T23:00:00
2853,213,B019,rating,2025-03-06T04:00:00
2854,213,B007,rating,2025-01-08T20:00:00
2855,213,B019,rating,2025-04-03T16:00:00
2856,213,B002,rating,2025-07-28T22:00:00
2857,213,B006,rating,2025-06-19T15:00:00
2858,213,B016,rating,2025-07-01T05:00:00
2859,213,B013,rating,2025-11-25T08:00:00
2860,213,B016,rating,2025-09-30T15:00:00
2861,213,B003,rating,2025-02-03T10:00:00
2862,213,B004,rating,2026-04-10T12:00:00
2863,214,B010,rating,2025-08-11T18:00:00
2864,214,B014,rating,2025-01-30T10:00:00
2865,214,B005,rating,2025-08-08T23:00:00
2866,214,B011,rating,2026-03-14T10:00:00
2867,214,B003,rating,2025-11-07T07:00:00
2868,214,B012,rating,2025-11-29T20:00:00
2869,214,B002,rating,2025-07-28T10:00:00
2870,214,B017,rating,2026-03-04T03:00:00
2871,214,B005,rating,2026-05-20T07:00:00
2872,215,B011,rating,2026-04-03T19:00:00
2873,215,B005,rating,2026-03-26T00:00:00
2874,215,B005,rating,2025-06-15T01:00:00
2875,215,B016,rating,2026-05-25T23:00:00
2876,215,B016,rating,2025-12-01T04:00:00
2877,215,B012,rating,2026-06-16T07:00:00
2878,215,B016,rating,2025-04-11T04:00:00
2879,215,B002,rating,2025-02-25T17:00:00
2880,216,B014,rating,2026-06-11T11:00:00
2881,216,B010,rating,2025-02-11T06:00:00
2882,216,B015,rating,2025-03-25T18:00:00
2883,216,B013,rating,2025-04-23T14:00:00
2884,216,B010,rating,2025-04-06T00:00:00
2885,216,B011,rating,2025-06-21T23:00:00
2886,216,B017,rating,2025-01-25T02:00:00
2887,216,B009,rating,2026-06-08T06:00:00
2888,216,B013,rating,2026-03-02T15:00:00
2889,216,B013,rating,2025-05-29T12:00:00
2890,216,B013,rating,2025-04-29T06:00:00
2891,216,B017,rating,2025-05-23T01:00:00
2892,217,B002,rating,2025-10-28T18:00:00
2893,217,B020,rating,2025-01-14T21:00:00
2894,217,B002,rating,2025-04-17T04:00:00
2895,217,B015,rating,2025-04-13T02:00:00
2896,217,B002,rating,2025-05-24T10:00:00
2897,217,B002,rating,2025-12-01T04:00:00
2898,217,B009,rating,2025-01-18T18:00:00
2899,217,B018,rating,2025-12-25T23:00:00
2900,217,B014,rating,2025-01-02T06:00:00
2901,217,B012,rating,2025-12-20T04:00:00
2902,217,B005,rating,2025-01-18T03:00:00
2903,217,B020,rating,2025-07-15T13:00:00
2904,217,B018,rating,2026-01-11T12:00:00
2905,217,B004,rating,2025-09-23T02:00:00
2906,218,B005,rating,2025-06-20T19:00:00
2907,218,B010,rating,2025-03-29T13:00:00
2908,218,B002,rating,2025-05-14T04:00:00
2909,218,B004,rating,2025-04-20T10:00:00
2910,218,B012,rating,2025-01-08T07:00:00
2911,218,B010,rating,2025-02-03T07:00:00
2912,218,B010,rating,2026-02-20T15:00:00
2913,218,B007,rating,2026-04-08T11:00:00
2914,219,B012,rating,2025-03-02T03:00:00
2915,219,B017,rating,2025-02-09T06:00:00
2916,219,B020,rating,2025-04-13T14:00:00
2917,219,B010,rating,2026-03-10T16:00:00
2918,219,B012,rating,2026-01-11T14:00:00
2919,219,B003,rating,2025-04-21T10:00:00
2920,219,B005,rating,2025-07-20T16:00:00
2921,219,B014,rating,2026-04-19T22:00:00
2922,219,B002,rating,2025-10-22T11:00:00
2923,219,B019,rating,2026-05-19T09:00:00
2924,219,B006,rating,2025-01-26T00:00:00
2925,219,B012,rating,2026-06-25T21:00:00
2926,219,B002,rating,2025-09-17T15:00:00
2927,220,B003,rating,2025-03-07T16:00:00
2928,220,B014,rating,2026-05-02T00:00:00
2929,220,B016,rating,2026-03-12T03:00:00
2930,220,B003,rating,2025-01-26T02:00:00
2931,220,B006,rating,2026-05-13T21:00:00
2932,220,B016,rating,2025-08-30T17:00:00
2933,220,B018,rating,2025-10-04T18:00:00
2934,220,B007,rating,2025-03-09T10:00:00
2935,220,B005,rating,2026-05-29T01:00:00
2936,220,B006,rating,2026-05-24T12:00:00
2937,220,B006,rating,2026-05-20T20:00:00
2938,220,B016,rating,2026-03-26T21:00:00
2939,220,B001,rating,2025-10-27T03:00:00
2940,221,B006,rating,2026-06-12T21:00:00
2941,221,B007,rating,2025-04-27T19:00:00
2942,221,B002,rating,2025-06-19T13:00:00
2943,221,B008,rating,2025-05-23T00:00:00
2944,221,B007,rating,2025-06-25T03:00:00
2945,221,B006,rating,2025-01-29T20:00:00
2946,221,B005,rating,2025-04-08T17:00:00
2947,221,B008,rating,2025-08-29T11:00:00
2948,221,B005,rating,2026-06-10T19:00:00
2949,221,B014,rating,2025-04-25T02:00:00
2950,222,B010,rating,2025-08-27T18:00:00
2951,222,B011,rating,2026-01-18T14:00:00
2952,222,B007,rating,2025-03-05T00:00:00
2953,222,B014,rating,2025-11-24T15:00:00
2954,222,B001,rating,2025-07-04T06:00:00
2955,222,B015,rating,2026-02-17T02:00:00
2956,222,B003,rating,2025-06-11T16:00:00
2957,222,B010,rating,2025-10-04T05:00:00
2958,222,B009,rating,2026-06-01T04:00:00
2959,222,B007,rating,2026-05-04T21:00:00
2960,222,B010,rating,2025-12-30T07:00:00
2961,222,B006,rating,2025-04-01T18:00:00
2962,222,B004,rating,2026-05-22T17:00:00
2963,222,B019,rating,2025-08-18T10:00:00
2964,222,B017,rating,2026-04-17T18:00:00
2965,222,B010,rating,2026-02-12T05:00:00
2966,223,B018,rating,2025-05-26T05:00:00
2967,223,B007,rating,2025-09-06T20:00:00
2968,223,B014,rating,2025-08-16T08:00:00
2969,223,B010,rating,2026-03-23T04:00:00
2970,223,B005,rating,2025-06-04T16:00:00
2971,223,B006,rating,2025-03-06T02:00:00
2972,223,B015,rating,2025-04-26T18:00:00
2973,223,B001,rating,2025-09-12T11:00:00
2974,223,B013,rating,2025-06-17T06:00:00
2975,223,B008,rating,2026-05-02T23:00:00
2976,223,B002,rating,2025-09-12T01:00:00
2977,223,B001,rating,2026-06-08T03:00:00
2978,223,B014,rating,2026-01-04T08:00:00
2979,223,B002,rating,2025-09-26T03:00:00
2980,224,B001,rating,2025-01-03T12:00:00
2981,224,B005,rating,2026-03-30T08:00:00
2982,224,B007,rating,2025-12-01T19:00:00
2983,224,B001,rating,2025-09-29T17:00:00
2984,224,B010,rating,2026-02-10T22:00:00
2985,224,B009,rating,2026-06-03T12:00:00
2986,224,B002,rating,2025-04-03T10:00:00
2987,224,B015,rating,2025-02-20T03:00:00
2988,224,B009,rating,2025-07-04T01:00:00
2989,224,B018,rating,2026-01-05T07:00:00
2990,224,B014,rating,2025-02-15T11:00:00
2991,224,B015,rating,2025-08-21T19:00:00
2992,224,B004,rating,2025-09-12T13:00:00
2993,224,B007,rating,2025-04-13T16:00:00
2994,224,B009,rating,2025-02-27T12:00:00
2995,224,B015,rating,2025-11-05T04:00:00
2996,224,B012,rating,2026-01-21T12:00:00
2997,224,B010,rating,2026-03-22T13:00:00
2998,225,B005,rating,2026-06-03T19:00:00
2999,225,B001,rating,2025-09-22T12:00:00
3000,225,B016,rating,2025-07-08T13:00:00
3001,225,B006,rating,2025-12-09T19:00:00
3002,225,B006,rating,2025-01-10T22:00:00
3003,225,B006,rating,2025-07-11T03:00:00
3004,225,B016,rating,2026-03-15T15:00:00
3005,225,B006,rating,2026-02-15T04:00:00
3006,225,B017,rating,2026-02-04T00:00:00
3007,225,B011,rating,2025-04-13T02:00:00
3008,225,B016,rating,2026-06-14T20:00:00
3009,225,B006,rating,2025-01-16T03:00:00
3010,225,B006,rating,2026-05-22T17:00:00
3011,225,B004,rating,2026-01-02T14:00:00
3012,226,B007,rating,2026-05-06T10:00:00
3013,226,B020,rating,2026-01-31T17:00:00
3014,226,B006,rating,2025-06-22T11:00:00
3015,226,B003,rating,2025-06-29T09:00:00
3016,226,B003,rating,2025-09-17T11:00:00
3017,226,B016,rating,2025-10-02T01:00:00
3018,226,B002,rating,2026-01-12T09:00:00
3019,226,B014,rating,2025-05-30T06:00:00
3020,226,B019,rating,2025-07-18T04:00:00
3021,226,B002,rating,2025-10-20T17:00:00
3022,226,B009,rating,2026-05-19T21:00:00
3023,226,B003,rating,2025-03-28T14:00:00
3024,227,B014,rating,2025-12-29T22:00:00
3025,227,B013,rating,2025-03-10T19:00:00
3026,227,B014,rating,2025-02-12T08:00:00
3027,227,B006,rating,2025-08-24T10:00:00
3028,227,B006,rating,2025-05-29T08:00:00
3029,227,B007,rating,2025-11-09T00:00:00
3030,227,B015,rating,2026-02-10T14:00:00
3031,227,B010,rating,2025-03-10T13:00:00
3032,227,B014,rating,2025-09-18T21:00:00
3033,227,B015,rating,2026-03-14T01:00:00
3034,227,B017,rating,2026-01-06T22:00:00
3035,228,B003,rating,2026-06-25T16:00:00
3036,228,B016,rating,2025-03-04T09:00:00
3037,228,B016,rating,2025-05-17T15:00:00
3038,228,B018,rating,2025-09-17T12:00:00
3039,228,B017,rating,2026-01-26T22:00:00
3040,228,B008,rating,2025-08-20T18:00:00
3041,228,B016,rating,2025-06-04T03:00:00
3042,228,B003,rating,2026-05-27T00:00:00
3043,228,B013,rating,2025-08-04T05:00:00
3044,228,B020,rating,2025-08-06T05:00:00
3045,228,B013,rating,2025-01-16T05:00:00
3046,228,B007,rating,2026-01-31T14:00:00
3047,228,B013,rating,2026-06-05T20:00:00
3048,228,B010,rating,2026-05-08T22:00:00
3049,228,B015,rating,2025-10-30T06:00:00
3050,228,B014,rating,2025-08-29T17:00:00
3051,229,B019,rating,2026-04-14T12:00:00
3052,229,B013,rating,2025-12-04T23:00:00
3053,229,B014,rating,2025-03-18T10:00:00
3054,229,B015,rating,2026-02-04T13:00:00
3055,229,B004,rating,2026-01-15T09:00:00
3056,229,B014,rating,2025-08-19T09:00:00
3057,229,B014,rating,2025-04-13T12:00:00
3058,229,B012,rating,2025-10-03T19:00:00
3059,229,B004,rating,2025-07-19T13:00:00
3060,229,B005,rating,2025-05-25T12:00:00
3061,229,B008,rating,2026-04-16T00:00:00
3062,229,B020,rating,2026-06-17T20:00:00
3063,229,B005,rating,2026-05-12T19:00:00
3064,229,B013,rating,2026-03-16T05:00:00
3065,229,B003,rating,2026-01-22T00:00:00
3066,229,B001,rating,2025-03-31T04:00:00
3067,229,B013,rating,2026-06-19T18:00:00
3068,229,B020,rating,2026-01-25T00:00:00
3069,230,B015,rating,2025-05-01T14:00:00
3070,230,B020,rating,2025-05-22T15:00:00
3071,230,B011,rating,2025-04-09T17:00:00
3072,230,B019,rating,2025-05-29T08:00:00
3073,230,B019,rating,2026-03-23T08:00:00
3074,230,B015,rating,2026-05-04T10:00:00
3075,230,B009,rating,2025-09-28T23:00:00
3076,230,B011,rating,2025-05-16T03:00:00
3077,231,B010,rating,2025-02-20T02:00:00
3078,231,B019,rating,2026-02-24T08:00:00
3079,231,B002,rating,2025-08-05T04:00:00
3080,231,B012,rating,2026-05-31T05:00:00
3081,231,B014,rating,2025-10-14T00:00:00
3082,231,B001,rating,2026-06-14T05:00:00
3083,231,B014,rating,2025-09-04T02:00:00
3084,231,B002,rating,2026-01-18T00:00:00
3085,231,B020,rating,2025-03-02T02:00:00
3086,231,B014,rating,2025-07-02T14:00:00
3087,231,B001,rating,2025-11-19T05:00:00
3088,231,B014,rating,2025-08-21T14:00:00
3089,232,B002,rating,2025-05-25T18:00:00
3090,232,B007,rating,2025-08-07T13:00:00
3091,232,B005,rating,2026-04-29T03:00:00
3092,232,B001,rating,2026-06-12T04:00:00
3093,232,B019,rating,2025-03-26T06:00:00
3094,232,B005,rating,2025-03-14T01:00:00
3095,232,B013,rating,2026-02-17T07:00:00
3096,232,B020,rating,2025-08-07T23:00:00
3097,232,B003,rating,2025-09-05T10:00:00
3098,232,B009,rating,2025-03-03T12:00:00
3099,232,B015,rating,2026-03-22T01:00:00
3100,232,B010,rating,2025-08-13T22:00:00
3101,232,B005,rating,2026-05-31T06:00:00
3102,232,B005,rating,2025-08-22T12:00:00
3103,232,B016,rating,2025-11-02T12:00:00
3104,233,B009,rating,2025-02-04T17:00:00
3105,233,B011,rating,2025-11-29T03:00:00
3106,233,B011,rating,2025-04-15T07:00:00
3107,233,B007,rating,2026-04-19T16:00:00
3108,233,B002,rating,2025-05-26T10:00:00
3109,233,B009,rating,2026-04-01T21:00:00
3110,233,B012,rating,2026-02-20T22:00:00
3111,233,B009,rating,2025-11-19T08:00:00
3112,233,B009,rating,2025-01-01T02:00:00
3113,233,B010,rating,2026-01-01T01:00:00
3114,233,B005,rating,2025-02-21T02:00:00
3115,233,B005,rating,2025-12-22T20:00:00
3116,233,B016,rating,2026-03-27T20:00:00
3117,234,B007,rating,2025-03-09T01:00:00
3118,234,B019,rating,2025-08-10T09:00:00
3119,234,B012,rating,2025-05-02T00:00:00
3120,234,B019,rating,2025-08-08T13:00:00
3121,234,B017,rating,2025-11-04T20:00:00
3122,234,B019,rating,2025-12-11T19:00:00
3123,234,B012,rating,2026-01-03T11:00:00
3124,234,B014,rating,2025-12-15T04:00:00
3125,234,B019,rating,2026-02-22T15:00:00
3126,234,B017,rating,2025-01-20T12:00:00
3127,234,B015,rating,2025-03-02T02:00:00
3128,234,B009,rating,2025-02-15T22:00:00
3129,234,B001,rating,2026-05-28T08:00:00
3130,234,B006,rating,2025-07-18T18:00:00
3131,234,B019,rating,2026-01-19T07:00:00
3132,235,B016,rating,2025-09-18T05:00:00
3133,235,B016,rating,2025-06-03T07:00:00
3134,235,B006,rating,2025-04-08T02:00:00
3135,235,B001,rating,2026-03-08T21:00:00
3136,235,B002,rating,2026-02-28T16:00:00
3137,235,B006,rating,2025-04-01T12:00:00
3138,235,B001,rating,2025-01-07T09:00:00
3139,235,B008,rating,2026-04-13T10:00:00
3140,235,B020,rating,2026-04-07T10:00:00
3141,235,B006,rating,2025-03-31T05:00:00
3142,235,B001,rating,2026-03-10T09:00:00
3143,235,B006,rating,2026-03-06T21:00:00
3144,235,B006,rating,2025-05-25T14:00:00
3145,235,B007,rating,2026-04-20T00:00:00
3146,236,B003,rating,2025-06-25T02:00:00
3147,236,B006,rating,2026-05-16T23:00:00
3148,236,B004,rating,2026-03-21T03:00:00
3149,236,B013,rating,2025-08-05T17:00:00
3150,236,B012,rating,2025-11-17T18:00:00
3151,236,B004,rating,2026-04-27T05:00:00
3152,236,B009,rating,2026-06-14T01:00:00
3153,236,B019,rating,2025-12-14T07:00:00
3154,236,B003,rating,2025-06-08T16:00:00
3155,237,B018,rating,2025-02-25T05:00:00
3156,237,B006,rating,2025-05-11T20:00:00
3157,237,B020,rating,2025-05-19T21:00:00
3158,237,B008,rating,2025-10-12T08:00:00
3159,237,B002,rating,2025-05-15T23:00:00
3160,237,B002,rating,2025-03-09T13:00:00
3161,237,B014,rating,2025-07-20T22:00:00
3162,237,B003,rating,2025-01-14T04:00:00
3163,237,B018,rating,2025-10-11T22:00:00
3164,237,B002,rating,2025-05-14T22:00:00
3165,238,B015,rating,2026-02-10T06:00:00
3166,238,B004,rating,2025-08-25T14:00:00
3167,238,B008,rating,2025-04-09T19:00:00
3168,238,B007,rating,2025-01-24T20:00:00
3169,238,B017,rating,2025-03-17T15:00:00
3170,238,B015,rating,2025-06-12T18:00:00
3171,238,B010,rating,2025-05-03T00:00:00
3172,238,B010,rating,2026-02-06T05:00:00
3173,238,B017,rating,2025-07-27T03:00:00
3174,238,B010,rating,2026-01-11T12:00:00
3175,239,B019,rating,2025-09-18T09:00:00
3176,239,B020,rating,2026-03-18T12:00:00
3177,239,B013,rating,2025-07-13T22:00:00
3178,239,B018,rating,2025-11-06T20:00:00
3179,239,B020,rating,2025-05-13T05:00:00
3180,239,B010,rating,2025-05-01T02:00:00
3181,239,B018,rating,2026-02-25T21:00:00
3182,239,B020,rating,2025-11-25T08:00:00
3183,239,B002,rating,2026-06-10T20:00:00
3184,239,B014,rating,2025-04-11T23:00:00
3185,239,B011,rating,2025-09-03T23:00:00
3186,239,B010,rating,2026-01-25T08:00:00
3187,239,B007,rating,2025-05-18T23:00:00
3188,239,B007,rating,2026-04-17T05:00:00
3189,240,B010,rating,2025-10-01T11:00:00
3190,240,B004,rating,2026-02-04T22:00:00
3191,240,B005,rating,2025-12-05T14:00:00
3192,240,B003,rating,2025-12-10T06:00:00
3193,240,B016,rating,2026-04-29T08:00:00
3194,240,B016,rating,2025-03-07T13:00:00
3195,240,B004,rating,2025-12-18T09:00:00
3196,240,B001,rating,2025-11-10T16:00:00
3197,240,B016,rating,2025-05-27T10:00:00
3198,240,B016,rating,2026-01-26T12:00:00
3199,240,B009,rating,2025-01-14T14:00:00
3200,240,B006,rating,2025-09-03T11:00:00
3201,240,B006,rating,2025-05-02T08:00:00
3202,241,B002,rating,2025-02-27T14:00:00
3203,241,B013,rating,2025-08-20T03:00:00
3204,241,B007,rating,2025-01-19T00:00:00
3205,241,B010,rating,2025-12-31T05:00:00
3206,241,B005,rating,2026-04-03T02:00:00
3207,241,B016,rating,2025-11-22T05:00:00
3208,241,B004,rating,2025-06-30T13:00:00
3209,241,B008,rating,2026-04-17T08:00:00
3210,241,B003,rating,2025-07-18T20:00:00
3211,241,B015,rating,2025-01-26T22:00:00
3212,241,B018,rating,2025-06-01T07:00:00
3213,241,B006,rating,2025-05-16T18:00:00
3214,242,B010,rating,2026-01-12T10:00:00
3215,242,B004,rating,2025-02-16T01:00:00
3216,242,B018,rating,2025-07-02T23:00:00
3217,242,B013,rating,2025-07-19T03:00:00
3218,242,B002,rating,2025-05-07T06:00:00
3219,242,B015,rating,2025-03-30T15:00:00
3220,242,B015,rating,2025-07-23T03:00:00
3221,242,B015,rating,2025-06-07T16:00:00
3222,242,B015,rating,2025-07-10T18:00:00
3223,242,B018,rating,2025-09-10T11:00:00
3224,242,B003,rating,2025-12-27T21:00:00
3225,243,B003,rating,2026-05-01T22:00:00
3226,243,B016,rating,2025-08-16T11:00:00
3227,243,B018,rating,2025-03-31T16:00:00
3228,243,B012,rating,2025-04-04T01:00:00
3229,243,B018,rating,2026-06-08T05:00:00
3230,243,B003,rating,2025-05-04T16:00:00
3231,243,B014,rating,2025-07-24T12:00:00
3232,243,B014,rating,2025-06-09T12:00:00
3233,243,B001,rating,2025-07-07T22:00:00
3234,243,B010,rating,2026-03-22T22:00:00
3235,244,B015,rating,2026-06-05T00:00:00
3236,244,B009,rating,2025-10-27T08:00:00
3237,244,B008,rating,2025-06-07T22:00:00
3238,244,B015,rating,2025-07-08T05:00:00
3239,244,B004,rating,2025-02-28T12:00:00
3240,244,B006,rating,2026-02-03T07:00:00
3241,244,B020,rating,2026-05-06T07:00:00
3242,244,B006,rating,2025-10-06T12:00:00
3243,244,B013,rating,2025-04-18T07:00:00
3244,244,B004,rating,2025-11-09T03:00:00
3245,244,B019,rating,2025-01-14T21:00:00
3246,244,B019,rating,2026-06-05T09:00:00
3247,245,B006,rating,2025-01-18T18:00:00
3248,245,B001,rating,2025-08-05T18:00:00
3249,245,B016,rating,2025-07-09T01:00:00
3250,245,B016,rating,2025-01-19T08:00:00
3251,245,B001,rating,2025-03-14T19:00:00
3252,245,B006,rating,2025-05-20T23:00:00
3253,245,B011,rating,2025-07-26T18:00:00
3254,245,B016,rating,2026-02-18T14:00:00
3255,245,B018,rating,2026-06-20T15:00:00
3256,245,B014,rating,2026-05-11T07:00:00
3257,245,B006,rating,2025-01-29T14:00:00
3258,245,B006,rating,2026-05-02T20:00:00
3259,245,B016,rating,2025-11-13T06:00:00
3260,245,B001,rating,2026-01-27T10:00:00
3261,245,B011,rating,2025-12-09T05:00:00
3262,245,B018,rating,2025-03-12T11:00:00
3263,245,B006,rating,2026-05-13T12:00:00
3264,245,B006,rating,2026-04-13T09:00:00
3265,246,B008,rating,2025-12-05T01:00:00
3266,246,B004,rating,2025-08-14T15:00:00
3267,246,B010,rating,2026-03-13T19:00:00
3268,246,B015,rating,2025-04-23T20:00:00
3269,246,B008,rating,2026-01-25T07:00:00
3270,246,B004,rating,2026-04-23T23:00:00
3271,246,B007,rating,2025-06-15T16:00:00
3272,246,B007,rating,2026-03-13T09:00:00
3273,246,B004,rating,2025-10-24T16:00:00
3274,246,B019,rating,2025-12-10T19:00:00
3275,246,B007,rating,2026-03-22T07:00:00
3276,246,B003,rating,2025-10-27T23:00:00
3277,246,B018,rating,2025-11-09T19:00:00
3278,246,B007,rating,2025-09-06T22:00:00
3279,246,B020,rating,2026-04-07T09:00:00
3280,246,B003,rating,2025-09-28T00:00:00
3281,247,B007,rating,2025-05-13T01:00:00
3282,247,B010,rating,2025-02-14T15:00:00
3283,247,B012,rating,2026-01-15T10:00:00
3284,247,B010,rating,2025-05-09T01:00:00
3285,247,B018,rating,2026-03-20T09:00:00
3286,247,B020,rating,2025-08-17T18:00:00
3287,247,B014,rating,2025-04-20T04:00:00
3288,247,B010,rating,2025-12-08T12:00:00
3289,247,B015,rating,2026-02-06T06:00:00
3290,247,B010,rating,2026-04-28T00:00:00
3291,247,B016,rating,2025-03-22T18:00:00
3292,247,B007,rating,2025-09-25T22:00:00
3293,247,B007,rating,2026-02-11T12:00:00
3294,247,B004,rating,2026-01-15T01:00:00
3295,247,B001,rating,2025-07-07T06:00:00
3296,247,B017,rating,2025-02-04T07:00:00
3297,247,B011,rating,2025-09-29T13:00:00
3298,248,B011,rating,2025-06-06T20:00:00
3299,248,B014,rating,2025-10-20T02:00:00
3300,248,B013,rating,2025-11-06T06:00:00
3301,248,B017,rating,2026-01-11T01:00:00
3302,248,B017,rating,2025-12-13T05:00:00
3303,248,B010,rating,2025-06-13T06:00:00
3304,248,B017,rating,2025-08-28T00:00:00
3305,248,B017,rating,2025-04-21T06:00:00
3306,248,B001,rating,2025-07-22T08:00:00
3307,248,B017,rating,2026-03-15T14:00:00
3308,248,B020,rating,2026-03-14T04:00:00
3309,248,B016,rating,2025-12-22T10:00:00
3310,248,B017,rating,2025-08-04T01:00:00
3311,248,B018,rating,2025-09-22T15:00:00
3312,248,B014,rating,2025-02-17T04:00:00
3313,248,B007,rating,2025-01-17T02:00:00
3314,248,B017,rating,2025-05-16T09:00:00
3315,248,B020,rating,2025-09-23T21:00:00
3316,249,B016,rating,2025-07-07T08:00:00
3317,249,B010,rating,2025-08-21T17:00:00
3318,249,B013,rating,2026-04-26T20:00:00
3319,249,B010,rating,2025-02-11T18:00:00
3320,249,B016,rating,2026-02-08T17:00:00
3321,249,B008,rating,2025-05-31T07:00:00
3322,249,B013,rating,2025-03-20T05:00:00
3323,249,B016,rating,2025-05-03T16:00:00
3324,249,B019,rating,2026-03-02T23:00:00
3325,250,B011,rating,2025-09-15T22:00:00
3326,250,B002,rating,2025-04-23T15:00:00
3327,250,B016,rating,2026-02-02T23:00:00
3328,250,B007,rating,2025-07-06T05:00:00
3329,250,B001,rating,2026-01-20T05:00:00
3330,250,B012,rating,2025-09-24T18:00:00
3331,250,B006,rating,2025-07-16T06:00:00
3332,250,B004,rating,2025-07-20T06:00:00
3333,250,B003,rating,2026-03-30T00:00:00
